,Loop_Data_ID,1D Sequence,Ligand_Data_ID,CanonicalSMILES,Label
82,10,GAUACGCAGC,130,COC1=C(C=C2C(=C1)C(=O)NC=N2)OCCCN3CCCCC3,1
489,258,GUGAGGGUAGUGUGGGCUC,109,CC1NC(=CC2=CC(=C(C(=C2)F)O)F)C(=O)N1CC(F)(F)F,1
216,63,AACAAUGCU,31,COC1=C(C=C2C(=C1)C(=NC(=N2)N3CCNCC3)N)OC,1
348,151,AAAAGCAUGCU,50,CC1=CC2=C(C=C1C)[N+](=C[N-]2)C3C(C(C(O3)CO)OP(=O)(O)OC(C)CNC(=O)CCC4(C(C5C6(C(C(C([N-]6)C(=C7C(C(C(=CC8C(C(C([N-]8)C(=C4[N-]5)C)CCC(=O)N)(C)C)[N-]7)CCC(=O)N)(C)CC(=O)N)C)CCC(=O)N)(C)CC(=O)N)C)CC(=O)N)C)O.O.[Co],0
137,37,CCAGGGGUGCUGAGAAAG,24,CC1=C(SC=[N+]1CC2=CN=C(N=C2N)C)CCOP(=O)(O)OP(=O)(O)O,1
261,88,GGGUGC,37,CC(C)O,0
738,413,GAGGGGCGGU,111,CC1NC(=CC2=CC(=C(C(=C2)OC)O)OC)C(=O)N1C3=CC=C(C=C3)[N+](C)(C)C,1
242,81,GAUGAGUAGUGAAAGGC,36,C(CSCC(C(=O)O)N)N,0
93,15,CGAGAG,113,CNCC(C1=CC(=CC=C1)O)O.Cl,0
838,461,UAAAAACAAA,138,C1=CC(=C[N+](=C1)C2C(C(C(O2)COP(=O)(O)[O-])O)O)C(=O)N,1
546,296,CGGAGG,70,C(C1C(C(C(O1)OP(=O)(O)OP(=O)(O)O)O)O)OP(=O)(O)O,1
158,47,CUGCGUG,117,CNCC1=CC2=NC=CN=C2C=C1,0
167,48,GAUAAUGC,116,CC1=C(SC=[N+]1CC2=CN=C(N=C2N)C)CCOP(=O)(CP(=O)(O)O)O,1
100,21,UUAGCGCGAGGUCCGA,9,C1C(C(C(C(C1N)OC2C(C(C(C(O2)CN)O)O)N)OC3C(C(C(O3)CO)OC4C(C(C(C(O4)CN)O)O)N)O)O)N,1
558,306,AGGAAGGAUUGGUAUGUGGUAUAU,63,C(CCNCCCN)CNCCCN,1
720,405,CACGG,97,C(=N)(N)N,1
857,472,AGUAAGU,141,CC1=C[N+]2=CC(=CC(=C2N1)F)C3=[NH+]C=C4C=C(C=CC4=N3)N5CC[NH+](CC5)C,1
582,321,ACCUUCU,82,C1=NC2=C(N1C3C(C(C(O3)COP(=O)(O)O)O)O)N=C(NC2=O)N,0
144,42,ACCGUAAAU,38,C1C(C(OC1N2C=NC3=C2N=C(NC3=O)N)CO)O,0
673,381,AACAACCCCGCU,86,C1=NC(=C2C(=N1)N(C=N2)C3C(C(C(O3)COP(=O)(O)OP(=O)(O)OP(=O)(O)O)O)O)N,1
490,259,CGGGUAGUAG,62,CC1=NC(=C(N1C)O)CC2=CC(=C(C(=C2)F)O)F,1
319,128,GUAAC,48,C1C(N(C2=C(N1)N=C(NC2=O)N)C=O)CNC3=CC=C(C=C3)C(=O)NC(CCC(=O)O)C(=O)O,0
771,427,UCACAG,127,C(CCNCCCN)CN,0
794,439,GCAUGCAC,127,C(CCNCCCN)CN,0
850,469,AGCAAU,127,C(CCNCCCN)CN,0
713,398,CAAUCAAG,97,C(=N)(N)N,0
628,351,CCCGUAG,84,C1C=CN(C=C1C(=O)N)[C@H]2[C@@H]([C@@H]([C@H](O2)COP(=O)(O)OP(=O)(O)OC[C@@H]3[C@H]([C@H]([C@@H](O3)N4C=NC5=C(N=CN=C54)N)O)O)O)O,1
844,465,GCGCAC,89,C1=CC(=C[N+](=C1)C2C(C(C(O2)COP(=O)([O-])OP(=O)(O)OCC3C(C(C(O3)N4C=NC5=C(N=CN=C54)N)O)O)O)O)C(=O)N,1
615,347,CACGCG,78,C(CC(=O)N)C(C(=O)O)N,1
656,373,CGAAUAAG,52,C1C2C(C(C(O2)N3C=NC4=C(N=CN=C43)N)O)OP(=O)(OCC5C(C(C(O5)N6C=NC7=C(N=CN=C76)N)O)OP(=O)(O1)O)O,1
802,443,UUAAUG,127,C(CCNCCCN)CN,0
72,8,CGAAAG,132,COC1=C(C=C2C(=C1)C(=NC=N2)N3CCN(CC3)CCCCO)OC,0
560,306,AGGAAGGAUUGGUAUGUGGUAUAU,92,C[N+]1=CC=C(C2=CC=CC=C21)CCCC3=[N+](C4=CC=CC=C4O3)C,1
494,260,CGAAGGGACGGUGCGGAGAGGAGAG,65,C[N+]1=CC=C(C2=CC=CC=C21)CC3N(C4=CC=CC=C4S3)CC(=O)NCCOCCOCCOCCNC(=O)CCCCC5C6C(CS5)NC(=O)N6,1
643,360,UCGUG,32,C[S+](CCC(C(=O)[O-])N)CC1C(C(C(O1)N2C=NC3=C(N=CN=C32)N)O)O,0
742,414,GCUGGU,63,C(CCNCCCN)CNCCCN,1
509,272,UGACAU,23,C1=NC2=C(N1C3C(C(C(O3)COP(=O)(O)OP(=O)(O)OP(=O)(O)O)O)O)N=C(NC2=O)N,0
150,44,GUAAUCGCAAGUUUCUACCGACC,25,C1=NC2=C(N1)C(=O)NC=N2,1
118,29,GAUCGCGACUUCUGC,18,CC1C(C(C(O1)OC2C(C(C(C(C2O)O)N=C(N)N)O)N=C(N)N)OC3C(C(C(C(O3)CO)O)O)NC)(C=O)O,1
345,148,AAAAGCCACCU,50,CC1=CC2=C(C=C1C)[N+](=C[N-]2)C3C(C(C(O3)CO)OP(=O)(O)OC(C)CNC(=O)CCC4(C(C5C6(C(C(C([N-]6)C(=C7C(C(C(=CC8C(C(C([N-]8)C(=C4[N-]5)C)CCC(=O)N)(C)C)[N-]7)CCC(=O)N)(C)CC(=O)N)C)CCC(=O)N)(C)CC(=O)N)C)CC(=O)N)C)O.O.[Co],1
394,195,AUACCUU,52,C1C2C(C(C(O2)N3C=NC4=C(N=CN=C43)N)O)OP(=O)(OCC5C(C(C(O5)N6C=NC7=C(N=CN=C76)N)O)OP(=O)(O1)O)O,0
51,8,CGAAAG,52,C1C2C(C(C(O2)N3C=NC4=C(N=CN=C43)N)O)OP(=O)(OCC5C(C(C(O5)N6C=NC7=C(N=CN=C76)N)O)OP(=O)(O1)O)O,0
338,142,GCAAGUGAUGACC,32,C[S+](CCC(C(=O)[O-])N)CC1C(C(C(O1)N2C=NC3=C(N=CN=C32)N)O)O,0
715,400,GUUGCC,97,C(=N)(N)N,0
191,50,GGUGCCGCUGAGAAAUAC,120,C1CN(CCN1)C2=C(C=NC=C2)CNCC3=CC4=NC=CN=C4C=C3,1
471,247,UGCUA,58,C1=CC2=C(C=C1O)C(=CN2)CC(C(=O)O)N,0
71,8,CGAAAG,131,CN1C(=O)C=NC2=C(NC(=O)N=C21)N,0
806,445,UUGUUG,127,C(CCNCCCN)CN,0
695,394,CACUGGUGUCGG,23,C1=NC2=C(N1C3C(C(C(O3)COP(=O)(O)OP(=O)(O)OP(=O)(O)O)O)O)N=C(NC2=O)N,1
213,60,GAGCC,97,C(=N)(N)N,1
469,245,GACGCGGAAGUAAUGAAGC,78,C(CC(=O)N)C(C(=O)O)N,1
267,93,CGGGGCAGCGACCGGCGAAAGUAUUUGCUUUGAUAACCGACGGAUGAGAG,12,CC1=CC2=C(C=C1C)N(C3=NC(=O)NC(=O)C3=N2)CC(C(C(COP(=O)(O)O)O)O)O,1
652,369,UGAACA,51,CC1C(C(C(O1)N2C=NC3=C(N=CN=C32)N)O)O.CC1=CC2=C(C=C1C)[N+](=C[N-]2)C3C(C(C(O3)CO)OP(=O)(O)OC(C)CNC(=O)CCC4(C(C5C6(C(C(C([N-]6)C(=C7C(C(C([N-]7)C=C8C(C(C([N-]8)C(=C4[N-]5)C)CCC(=O)N)(C)C)CCC(=O)N)(C)CC(=O)N)C)CCC(=O)N)(C)CC(=O)N)C)CC(=O)N)C)O.[Co],0
125,32,GGCAC,21,C1C(CC(C(C1[NH3+])O)O)[NH3+],1
265,91,CGAAUGUAACGG,32,C[S+](CCC(C(=O)[O-])N)CC1C(C(C(O1)N2C=NC3=C(N=CN=C32)N)O)O,1
420,220,UGGCGAACAGCGG,55,C1=NC(=C(N1C2C(C(C(O2)COP(=O)(O)O)O)O)N)C(=O)N,1
145,42,ACCGUAAAU,58,C1=CC2=C(C=C1O)C(=CN2)CC(C(=O)O)N,0
146,43,GGAUAUGGC,25,C1=NC2=C(N1)C(=O)NC=N2,0
460,242,GAAGUA,55,C1=NC(=C(N1C2C(C(C(O2)COP(=O)(O)O)O)O)N)C(=O)N,0
12,2,CUUCGG,62,CC1=NC(=C(N1C)O)CC2=CC(=C(C(=C2)F)O)F,0
830,456,UUUCGA,108,CC[NH+]1CC[NH+](CC1)C2=C(C=C3C(=C2)N(C=C(C3=O)C(=O)NCCC[NH+](C)C)C4CC4)F,0
829,456,UUUCGA,107,CN(CCO)C1=CC2=C(S1)C=C(S2)C=C(C#N)C3=CC=C(C=C3)C#N,0
166,48,GAUAAUGC,115,CC1=C(SC=[N+]1CC2=CN=C(N=C2N)C)CCO,1
506,269,GGGAAA,23,C1=NC2=C(N1C3C(C(C(O3)COP(=O)(O)OP(=O)(O)OP(=O)(O)O)O)O)N=C(NC2=O)N,0
618,349,UUUUCUUUUUCGUUUUUCUUUUUG,53,C(C(CO)O)O,1
516,278,AUUUUAAAGC,68,C1=NC2=C(N1C3C(C(C(O3)COP(=O)(O)OP(=O)(O)O)OP(=O)(O)OP(=O)(O)O)O)N=C(NC2=O)N,0
214,61,CCACAAGG,30,C[NH+](C)CCC[NH+]=C(C1=CC=C(C=C1)C(=[NH+]CCC[NH+](C)C)N)N,0
79,9,AGCCCUU,132,COC1=C(C=C2C(=C1)C(=NC=N2)N3CCN(CC3)CCCCO)OC,1
486,257,GUACGC,109,CC1NC(=CC2=CC(=C(C(=C2)F)O)F)C(=O)N1CC(F)(F)F,0
416,216,GUAGCC,54,CC1=NC(=CC2=CC(=C(C(=C2)F)O)F)C(=O)N1C,1
528,282,UAUGGGA,68,C1=NC2=C(N1C3C(C(C(O3)COP(=O)(O)OP(=O)(O)O)OP(=O)(O)OP(=O)(O)O)O)N=C(NC2=O)N,0
669,380,CAACGGCG,43,C1=NC(=C2C(=N1)N(C=N2)C3C(C(C(O3)CSCCC(C(=O)O)N)O)O)N,1
310,121,UGAUGAAUGGGUUUAAA,23,C1=NC2=C(N1C3C(C(C(O3)COP(=O)(O)OP(=O)(O)OP(=O)(O)O)O)O)N=C(NC2=O)N,0
635,352,CUGGCAUG,91,C1[C@@H]([C@H]([C@@H](O1)N2C=NC3=C2N=C(NC3=O)N)O)OP(=O)(O)O,1
376,177,CAAGAGAAUUCAUAAAUCCAGCGGAAG,32,C[S+](CCC(C(=O)[O-])N)CC1C(C(C(O1)N2C=NC3=C(N=CN=C32)N)O)O,1
786,435,CUAAGUAUG,127,C(CCNCCCN)CN,0
183,49,GAUCGCGU,136,C(COCCOCCOCCO)O,0
114,26,CCGUCG,107,CN(CCO)C1=CC2=C(S1)C=C(S2)C=C(C#N)C3=CC=C(C=C3)C#N,0
104,25,GGAAAC,15,C(CC(C(=O)O)[NH3+])C[NH+]=C(N)N,0
843,464,CGUUGG,138,C1=CC(=C[N+](=C1)C2C(C(C(O2)COP(=O)(O)[O-])O)O)C(=O)N,0
246,82,GGAAUAC,37,CC(C)O,0
536,287,CUAGGCGAGCG,70,C(C1C(C(C(O1)OP(=O)(O)OP(=O)(O)O)O)O)OP(=O)(O)O,1
414,214,AGCCGCGU,54,CC1=NC(=CC2=CC(=C(C(=C2)F)O)F)C(=O)N1C,0
664,378,GUUCGAUUC,97,C(=N)(N)N,0
508,271,UACGUG,23,C1=NC2=C(N1C3C(C(C(O3)COP(=O)(O)OP(=O)(O)OP(=O)(O)O)O)O)N=C(NC2=O)N,0
161,47,CUGCGUG,120,C1CN(CCN1)C2=C(C=NC=C2)CNCC3=CC4=NC=CN=C4C=C3,0
743,414,GCUGGU,111,CC1NC(=CC2=CC(=C(C(=C2)OC)O)OC)C(=O)N1C3=CC=C(C=C3)[N+](C)(C)C,0
28,5,GUCGUC,3,C1CC(C(OC1CN)O)N,0
809,446,ACGAUGCCGCGGCGCU,107,CN(CCO)C1=CC2=C(S1)C=C(S2)C=C(C#N)C3=CC=C(C=C3)C#N,0
852,470,UCACAA,127,C(CCNCCCN)CN,0
644,361,UGAUGA,32,C[S+](CCC(C(=O)[O-])N)CC1C(C(C(O1)N2C=NC3=C(N=CN=C32)N)O)O,1
356,158,CGAAGUGGAG,51,CC1C(C(C(O1)N2C=NC3=C(N=CN=C32)N)O)O.CC1=CC2=C(C=C1C)[N+](=C[N-]2)C3C(C(C(O3)CO)OP(=O)(O)OC(C)CNC(=O)CCC4(C(C5C6(C(C(C([N-]6)C(=C7C(C(C([N-]7)C=C8C(C(C([N-]8)C(=C4[N-]5)C)CCC(=O)N)(C)C)CCC(=O)N)(C)CC(=O)N)C)CCC(=O)N)(C)CC(=O)N)C)CC(=O)N)C)O.[Co],0
461,242,GAAGUA,93,C1=CN=CC=C1N2C=NC(=C2N)C(=O)N,0
455,239,CUGAGG,57,CN1C(=CN=O)NC(=CC2=CC(=C(C(=C2)F)O)F)C1=O,1
570,314,GCUUCC,43,C1=NC(=C2C(=N1)N(C=N2)C3C(C(C(O3)CSCCC(C(=O)O)N)O)O)N,1
791,437,GAUGAAUGGAGC,139,C1=C2C(=NC(=N1)N)N(C=N2)C3C(C(C(O3)CO)O)O,0
527,282,UAUGGGA,23,C1=NC2=C(N1C3C(C(C(O3)COP(=O)(O)OP(=O)(O)OP(=O)(O)O)O)O)N=C(NC2=O)N,0
106,25,GGAAAC,32,C[S+](CCC(C(=O)[O-])N)CC1C(C(C(O1)N2C=NC3=C(N=CN=C32)N)O)O,0
608,340,UACGGAG,82,C1=NC2=C(N1C3C(C(C(O3)COP(=O)(O)O)O)O)N=C(NC2=O)N,0
577,318,UGUGAUAAGUCGG,32,C[S+](CCC(C(=O)[O-])N)CC1C(C(C(O1)N2C=NC3=C(N=CN=C32)N)O)O,1
15,2,CUUCGG,75,CN(C)C1=CC2=C(C=C1)C(=C3C=CC(=[N+](C)C)C=C3O2)C4=C(C=C(C=C4)C(=O)O)C(=O)O,0
291,106,CUCGG,77,C[N+]1=CC=C(C=C1)C2=C3C=CC(=C(C4=NC(=C(C5=CC=C(N5)C(=C6C=CC2=N6)C7=CC=[N+](C=C7)C)C8=CC=[N+](C=C8)C)C=C4)C9=CC=[N+](C=C9)C)N3,1
677,382,GGCAGC,86,C1=NC(=C2C(=N1)N(C=N2)C3C(C(C(O3)COP(=O)(O)OP(=O)(O)OP(=O)(O)O)O)O)N,0
289,105,CAUUGCACUCCG,78,C(CC(=O)N)C(C(=O)O)N,0
561,307,AGGAAGGUUUGGUAUGUGGUAUAU,73,CC(=O)C[N+]1=C(SC2=CC=CC=C21)CC3=CC=[N+](C4=CC=CC=C34)C,1
621,350,AACGGGCAGCGAAUCUACU,85,C1=NC(=C2C(=N1)N(C=N2)C3C(C(C(O3)COP(=O)(O)OP(=O)(O)O)O)O)N,1
825,454,GGUAGU,107,CN(CCO)C1=CC2=C(S1)C=C(S2)C=C(C#N)C3=CC=C(C=C3)C#N,0
671,381,AACAACCCCGCU,23,C1=NC2=C(N1C3C(C(C(O3)COP(=O)(O)OP(=O)(O)OP(=O)(O)O)O)O)N=C(NC2=O)N,0
594,329,CCCGCACCCG,52,C1C2C(C(C(O2)N3C=NC4=C(N=CN=C43)N)O)OP(=O)(OCC5C(C(C(O5)N6C=NC7=C(N=CN=C76)N)O)OP(=O)(O1)O)O,1
85,11,CAGCG,9,C1C(C(C(C(C1N)OC2C(C(C(C(O2)CN)O)O)N)OC3C(C(C(O3)CO)OC4C(C(C(C(O4)CN)O)O)N)O)O)N,1
581,321,ACCUUCU,52,C1C2C(C(C(O2)N3C=NC4=C(N=CN=C43)N)O)OP(=O)(OCC5C(C(C(O5)N6C=NC7=C(N=CN=C76)N)O)OP(=O)(O1)O)O,0
625,350,AACGGGCAGCGAAUCUACU,89,C1=CC(=C[N+](=C1)C2C(C(C(O2)COP(=O)([O-])OP(=O)(O)OCC3C(C(C(O3)N4C=NC5=C(N=CN=C54)N)O)O)O)O)C(=O)N,1
700,394,CACUGGUGUCGG,105,CN(C)CCN(C)C1=CC=C(C=C1)C=C(C#N)C2=CC=C(C=C2)C#N,1
724,409,UAGGCGAGA,97,C(=N)(N)N,1
44,8,CGAAAG,32,C[S+](CCC(C(=O)[O-])N)CC1C(C(C(O1)N2C=NC3=C(N=CN=C32)N)O)O,0
728,411,GUUCGC,107,CN(CCO)C1=CC2=C(S1)C=C(S2)C=C(C#N)C3=CC=C(C=C3)C#N,0
681,383,GGGCGC,86,C1=NC(=C2C(=N1)N(C=N2)C3C(C(C(O3)COP(=O)(O)OP(=O)(O)OP(=O)(O)O)O)O)N,0
741,414,GCUGGU,53,C(C(CO)O)O,1
165,48,GAUAAUGC,26,CC1=NC=C(C(=N1)N)CN(C=O)C(C)C(CCOP(=O)(O)O)SC(=O)C2=CC=CC=C2,1
672,381,AACAACCCCGCU,85,C1=NC(=C2C(=N1)N(C=N2)C3C(C(C(O3)COP(=O)(O)OP(=O)(O)O)O)O)N,1
298,111,CCCAGG,43,C1=NC(=C2C(=N1)N(C=N2)C3C(C(C(O3)CSCCC(C(=O)O)N)O)O)N,1
449,233,UAAGGGCAGCCG,56,C1C2C(C(C(O2)N3C=NC4=C3N=C(NC4=O)N)O)OP(=O)(OCC5C(C(C(O5)N6C=NC7=C(N=CN=C76)N)O)OP(=O)(O1)O)O,0
705,395,UGCCAAUCGUA,102,CN(C)CCN(C)C1=NC=C(N=C1)C=C(C#N)C2=CC=C(C=C2)C#N,1
554,303,UGUACGCAA,68,C1=NC2=C(N1C3C(C(C(O3)COP(=O)(O)OP(=O)(O)O)OP(=O)(O)OP(=O)(O)O)O)N=C(NC2=O)N,1
205,53,UCUUCGUCGUG,27,C[NH+](C)CCC[N+]1=C(NC2=C1C3=C(C=C2)OC(C3)C[NH+](C)C)N,0
327,133,CAUAAUGGG,49,C(CC(=O)O)C(=O)O,0
584,322,GGAACCGCUAAC,82,C1=NC2=C(N1C3C(C(C(O3)COP(=O)(O)O)O)O)N=C(NC2=O)N,0
60,8,CGAAAG,89,C1=CC(=C[N+](=C1)C2C(C(C(O2)COP(=O)([O-])OP(=O)(O)OCC3C(C(C(O3)N4C=NC5=C(N=CN=C54)N)O)O)O)O)C(=O)N,0
814,449,CCAAUCGUGCG,62,CC1=NC(=C(N1C)O)CC2=CC(=C(C(=C2)F)O)F,0
33,5,GUCGUC,139,C1=C2C(=NC(=N1)N)N(C=N2)C3C(C(C(O3)CO)O)O,0
365,167,CCGAAG,51,CC1C(C(C(O1)N2C=NC3=C(N=CN=C32)N)O)O.CC1=CC2=C(C=C1C)[N+](=C[N-]2)C3C(C(C(O3)CO)OP(=O)(O)OC(C)CNC(=O)CCC4(C(C5C6(C(C(C([N-]6)C(=C7C(C(C([N-]7)C=C8C(C(C([N-]8)C(=C4[N-]5)C)CCC(=O)N)(C)C)CCC(=O)N)(C)CC(=O)N)C)CCC(=O)N)(C)CC(=O)N)C)CC(=O)N)C)O.[Co],0
317,126,GAAUGGGAUGUCGUC,48,C1C(N(C2=C(N1)N=C(NC2=O)N)C=O)CNC3=CC=C(C=C3)C(=O)NC(CCC(=O)O)C(=O)O,1
623,350,AACGGGCAGCGAAUCUACU,87,C1C(OC(C1O)N2C=NC3=C(N=CN=C32)N)COP(=O)(O)OP(=O)(O)OP(=O)(O)O,1
328,134,AGCGCU,48,C1C(N(C2=C(N1)N=C(NC2=O)N)C=O)CNC3=CC=C(C=C3)C(=O)NC(CCC(=O)O)C(=O)O,0
701,394,CACUGGUGUCGG,106,CN(CCO)C1=CC=C(C=C1)C=C(C#N)C2=NC3=CC=CC=C3O2,1
347,150,UAGUGGGAAAGUGCCAGAUACGAA,50,CC1=CC2=C(C=C1C)[N+](=C[N-]2)C3C(C(C(O3)CO)OP(=O)(O)OC(C)CNC(=O)CCC4(C(C5C6(C(C(C([N-]6)C(=C7C(C(C(=CC8C(C(C([N-]8)C(=C4[N-]5)C)CCC(=O)N)(C)C)[N-]7)CCC(=O)N)(C)CC(=O)N)C)CCC(=O)N)(C)CC(=O)N)C)CC(=O)N)C)O.O.[Co],1
553,302,UACAGUACA,68,C1=NC2=C(N1C3C(C(C(O3)COP(=O)(O)OP(=O)(O)O)OP(=O)(O)OP(=O)(O)O)O)N=C(NC2=O)N,1
384,185,CUAAG,32,C[S+](CCC(C(=O)[O-])N)CC1C(C(C(O1)N2C=NC3=C(N=CN=C32)N)O)O,0
268,94,GUAUAGUC,12,CC1=CC2=C(C=C1C)N(C3=NC(=O)NC(=O)C3=N2)CC(C(C(COP(=O)(O)O)O)O)O,0
593,328,AAUCGUAUUCGCU,52,C1C2C(C(C(O2)N3C=NC4=C(N=CN=C43)N)O)OP(=O)(OCC5C(C(C(O5)N6C=NC7=C(N=CN=C76)N)O)OP(=O)(O1)O)O,0
196,51,UCGUAUCACGGAA,115,CC1=C(SC=[N+]1CC2=CN=C(N=C2N)C)CCO,1
699,394,CACUGGUGUCGG,104,CN(CCO)C1=NC=C(C=C1)C=C(C#N)C2=CC=C(C=C2)C#N,1
77,9,AGCCCUU,130,COC1=C(C=C2C(=C1)C(=O)NC=N2)OCCCN3CCCCC3,1
444,232,CGGAAAUG,46,C1C2C(C(C(O2)N3C=NC4=C3N=C(NC4=O)N)O)OP(=O)(OCC5C(C(C(O5)N6C=NC7=C6N=C(NC7=O)N)O)OP(=O)(O1)O)O,1
76,9,AGCCCUU,129,CN1CCC(CC1)COC2=C(C=C3C(=C2)N=CNC3=O)OC,1
605,339,GGUGGC,52,C1C2C(C(C(O2)N3C=NC4=C(N=CN=C43)N)O)OP(=O)(OCC5C(C(C(O5)N6C=NC7=C(N=CN=C76)N)O)OP(=O)(O1)O)O,0
655,372,ACUAU,52,C1C2C(C(C(O2)N3C=NC4=C(N=CN=C43)N)O)OP(=O)(OCC5C(C(C(O5)N6C=NC7=C(N=CN=C76)N)O)OP(=O)(O1)O)O,0
694,393,GUUCAGCCC,100,C12=NNN=C1NC(=O)NC2=O,0
366,168,CCUGCG,51,CC1C(C(C(O1)N2C=NC3=C(N=CN=C32)N)O)O.CC1=CC2=C(C=C1C)[N+](=C[N-]2)C3C(C(C(O3)CO)OP(=O)(O)OC(C)CNC(=O)CCC4(C(C5C6(C(C(C([N-]6)C(=C7C(C(C([N-]7)C=C8C(C(C([N-]8)C(=C4[N-]5)C)CCC(=O)N)(C)C)CCC(=O)N)(C)CC(=O)N)C)CCC(=O)N)(C)CC(=O)N)C)CC(=O)N)C)O.[Co],0
9,2,CUUCGG,31,COC1=C(C=C2C(=C1)C(=NC(=N2)N3CCNCC3)N)OC,0
226,71,CAAUG,32,C[S+](CCC(C(=O)[O-])N)CC1C(C(C(O1)N2C=NC3=C(N=CN=C32)N)O)O,1
361,163,GUGAGCGAGCC,51,CC1C(C(C(O1)N2C=NC3=C(N=CN=C32)N)O)O.CC1=CC2=C(C=C1C)[N+](=C[N-]2)C3C(C(C(O3)CO)OP(=O)(O)OC(C)CNC(=O)CCC4(C(C5C6(C(C(C([N-]6)C(=C7C(C(C([N-]7)C=C8C(C(C([N-]8)C(=C4[N-]5)C)CCC(=O)N)(C)C)CCC(=O)N)(C)CC(=O)N)C)CCC(=O)N)(C)CC(=O)N)C)CC(=O)N)C)O.[Co],0
321,130,UUGUGAA,48,C1C(N(C2=C(N1)N=C(NC2=O)N)C=O)CNC3=CC=C(C=C3)C(=O)NC(CCC(=O)O)C(=O)O,0
91,15,CGAGAG,53,C(C(CO)O)O,0
254,85,UUCCUCCCG,36,C(CSCC(C(=O)O)N)N,0
626,350,AACGGGCAGCGAAUCUACU,90,C1=NC(=C2C(=N1)N(C=N2)[C@H]3[C@@H]([C@@H]([C@H](O3)COP(=O)(O)OS(=O)(=O)O)OP(=O)(O)O)O)N,1
107,25,GGAAAC,45,C(C(=O)O)N,0
803,443,UUAAUG,139,C1=C2C(=NC(=N1)N)N(C=N2)C3C(C(C(O3)CO)O)O,0
4,2,CUUCGG,5,CC1(COC(C(C1NC)O)O)O,0
330,136,GGAUC,48,C1C(N(C2=C(N1)N=C(NC2=O)N)C=O)CNC3=CC=C(C=C3)C(=O)NC(CCC(=O)O)C(=O)O,0
841,463,CCGAAAGUCUAAACAG,138,C1=CC(=C[N+](=C1)C2C(C(C(O2)COP(=O)(O)[O-])O)O)C(=O)N,1
206,54,AUGUUCU,2,C(CC(C(=O)O)N)CN=C(N)N,0
130,33,AUAAUAGUUUCUACCGAUU,22,C1=NC2=NC=NC(=C2N1)N,1
259,87,GAGGCGCCGAAGCCUGGGGCACGC,37,CC(C)O,1
57,8,CGAAAG,86,C1=NC(=C2C(=N1)N(C=N2)C3C(C(C(O3)COP(=O)(O)OP(=O)(O)OP(=O)(O)O)O)O)N,0
519,279,CCACACCUU,68,C1=NC2=C(N1C3C(C(C(O3)COP(=O)(O)OP(=O)(O)O)OP(=O)(O)OP(=O)(O)O)O)N=C(NC2=O)N,1
245,82,GGAAUAC,36,C(CSCC(C(=O)O)N)N,0
531,283,UCCAAGGUGU,68,C1=NC2=C(N1C3C(C(C(O3)COP(=O)(O)OP(=O)(O)O)OP(=O)(O)OP(=O)(O)O)O)N=C(NC2=O)N,0
792,438,GAUGCAAC,127,C(CCNCCCN)CN,0
423,223,GUCAAUUCGCC,23,C1=NC2=C(N1C3C(C(C(O3)COP(=O)(O)OP(=O)(O)OP(=O)(O)O)O)O)N=C(NC2=O)N,0
115,27,CGAGAAG,16,C(C1C(C(C(C(O1)O)N)O)O)N,1
512,275,CGACAUACUAC,23,C1=NC2=C(N1C3C(C(C(O3)COP(=O)(O)OP(=O)(O)OP(=O)(O)O)O)O)N=C(NC2=O)N,0
451,235,CGAUGG,55,C1=NC(=C(N1C2C(C(C(O2)COP(=O)(O)O)O)O)N)C(=O)N,1
662,377,CAGUCGGUAG,97,C(=N)(N)N,0
252,84,UGUAGA,37,CC(C)O,0
42,8,CGAAAG,23,C1=NC2=C(N1C3C(C(C(O3)COP(=O)(O)OP(=O)(O)OP(=O)(O)O)O)O)N=C(NC2=O)N,0
349,152,AAUGAUACGAAU,50,CC1=CC2=C(C=C1C)[N+](=C[N-]2)C3C(C(C(O3)CO)OP(=O)(O)OC(C)CNC(=O)CCC4(C(C5C6(C(C(C([N-]6)C(=C7C(C(C(=CC8C(C(C([N-]8)C(=C4[N-]5)C)CCC(=O)N)(C)C)[N-]7)CCC(=O)N)(C)CC(=O)N)C)CCC(=O)N)(C)CC(=O)N)C)CC(=O)N)C)O.O.[Co],1
462,242,GAAGUA,94,C1=CC(=CN=C1)N2C=NC(=C2N)C(=O)N,0
481,256,CCGUUG,62,CC1=NC(=C(N1C)O)CC2=CC(=C(C(=C2)F)O)F,1
636,353,UGCGAAA,91,C1[C@@H]([C@H]([C@@H](O1)N2C=NC3=C2N=C(NC3=O)N)O)OP(=O)(O)O,0
650,367,UAAAAG,51,CC1C(C(C(O1)N2C=NC3=C(N=CN=C32)N)O)O.CC1=CC2=C(C=C1C)[N+](=C[N-]2)C3C(C(C(O3)CO)OP(=O)(O)OC(C)CNC(=O)CCC4(C(C5C6(C(C(C([N-]6)C(=C7C(C(C([N-]7)C=C8C(C(C([N-]8)C(=C4[N-]5)C)CCC(=O)N)(C)C)CCC(=O)N)(C)CC(=O)N)C)CCC(=O)N)(C)CC(=O)N)C)CC(=O)N)C)O.[Co],0
613,345,AACCGUAAAAU,38,C1C(C(OC1N2C=NC3=C2N=C(NC3=O)N)CO)O,0
305,118,GUUUAAUC,45,C(C(=O)O)N,0
290,106,CUCGG,46,C1C2C(C(C(O2)N3C=NC4=C3N=C(NC4=O)N)O)OP(=O)(OCC5C(C(C(O5)N6C=NC7=C6N=C(NC7=O)N)O)OP(=O)(O1)O)O,0
180,49,GAUCGCGU,119,CC1=CC2=NC=CN=C2C=C1,0
721,406,CUUCGCGAAACG,97,C(=N)(N)N,0
472,248,CAGAAGAGCACGUAUACGCAAG,23,C1=NC2=C(N1C3C(C(C(O3)COP(=O)(O)OP(=O)(O)OP(=O)(O)O)O)O)N=C(NC2=O)N,1
714,399,CAUGGGAAG,97,C(=N)(N)N,1
642,359,UCAUGAGUG,32,C[S+](CCC(C(=O)[O-])N)CC1C(C(C(O1)N2C=NC3=C(N=CN=C32)N)O)O,1
243,81,GAUGAGUAGUGAAAGGC,37,CC(C)O,0
222,67,GGUUUAGGUAAU,33,C1C(C(C(C(C1[NH3+])O)O)O)[NH3+],1
331,137,GGGAGU,48,C1C(N(C2=C(N1)N=C(NC2=O)N)C=O)CNC3=CC=C(C=C3)C(=O)NC(CCC(=O)O)C(=O)O,0
26,4,CCUGGGAG,2,C(CC(C(=O)O)N)CN=C(N)N,1
260,88,GGGUGC,36,C(CSCC(C(=O)O)N)N,0
424,224,AACAUUUUCGU,23,C1=NC2=C(N1C3C(C(C(O3)COP(=O)(O)OP(=O)(O)OP(=O)(O)O)O)O)N=C(NC2=O)N,0
153,46,GAAGUGCACAC,28,C1C(C(C(C(C1N)OC2C(C(C(C(O2)CN)O)O)N)OC3C(C(C(O3)CO)O)O)O)N,1
69,8,CGAAAG,129,CN1CCC(CC1)COC2=C(C=C3C(=C2)N=CNC3=O)OC,0
839,462,UUGCGCA,138,C1=CC(=C[N+](=C1)C2C(C(C(O2)COP(=O)(O)[O-])O)O)C(=O)N,1
193,50,GGUGCCGCUGAGAAAUAC,136,C(COCCOCCOCCO)O,0
696,394,CACUGGUGUCGG,101,CN(CCO)C1=CC=C(C=C1)C=C(C#N)C2=CC=C(C=C2)C#N,1
168,48,GAUAAUGC,117,CNCC1=CC2=NC=CN=C2C=C1,1
199,51,UCGUAUCACGGAA,118,C1=CC2=NC=CN=C2C=C1CN,0
329,135,CGUAAAGCGAACGGCGG,48,C1C(N(C2=C(N1)N=C(NC2=O)N)C=O)CNC3=CC=C(C=C3)C(=O)NC(CCC(=O)O)C(=O)O,1
341,144,GGGAGCGAAGAAC,32,C[S+](CCC(C(=O)[O-])N)CC1C(C(C(O1)N2C=NC3=C(N=CN=C32)N)O)O,0
712,397,UUACUCA,108,CC[NH+]1CC[NH+](CC1)C2=C(C=C3C(=C2)N(C=C(C3=O)C(=O)NCCC[NH+](C)C)C4CC4)F,0
535,286,CCAGUGUUCG,70,C(C1C(C(C(O1)OP(=O)(O)OP(=O)(O)O)O)O)OP(=O)(O)O,0
595,330,CGAAUAG,52,C1C2C(C(C(O2)N3C=NC4=C(N=CN=C43)N)O)OP(=O)(OCC5C(C(C(O5)N6C=NC7=C(N=CN=C76)N)O)OP(=O)(O1)O)O,1
64,8,CGAAAG,123,C(=N)(N)[Se],0
257,86,GCGGC,138,C1=CC(=C[N+](=C1)C2C(C(C(O2)COP(=O)(O)[O-])O)O)C(=O)N,0
409,209,GAUUACACGCAC,53,C(C(CO)O)O,0
507,270,GGGAGUAUGUUUA,23,C1=NC2=C(N1C3C(C(C(O3)COP(=O)(O)OP(=O)(O)OP(=O)(O)O)O)O)N=C(NC2=O)N,0
395,196,CGAAUCGUACCCGG,52,C1C2C(C(C(O2)N3C=NC4=C(N=CN=C43)N)O)OP(=O)(OCC5C(C(C(O5)N6C=NC7=C(N=CN=C76)N)O)OP(=O)(O1)O)O,1
284,105,CAUUGCACUCCG,24,CC1=C(SC=[N+]1CC2=CN=C(N=C2N)C)CCOP(=O)(O)OP(=O)(O)O,0
89,15,CGAGAG,10,CN(C)C1=CC2=C(C=C1)C(=C3C=CC(=[N+](C)C)C=C3O2)C4=CC=CC=C4,0
564,310,CGCCUAAAG,32,C[S+](CCC(C(=O)[O-])N)CC1C(C(C(O1)N2C=NC3=C(N=CN=C32)N)O)O,0
539,290,UUUUUA,70,C(C1C(C(C(O1)OP(=O)(O)OP(=O)(O)O)O)O)OP(=O)(O)O,0
351,154,GUAAUUCGUCC,50,CC1=CC2=C(C=C1C)[N+](=C[N-]2)C3C(C(C(O3)CO)OP(=O)(O)OC(C)CNC(=O)CCC4(C(C5C6(C(C(C([N-]6)C(=C7C(C(C(=CC8C(C(C([N-]8)C(=C4[N-]5)C)CCC(=O)N)(C)C)[N-]7)CCC(=O)N)(C)CC(=O)N)C)CCC(=O)N)(C)CC(=O)N)C)CC(=O)N)C)O.O.[Co],0
778,431,CAAAUUAGCAUAAAUG,127,C(CCNCCCN)CN,0
185,50,GGUGCCGCUGAGAAAUAC,26,CC1=NC=C(C(=N1)N)CN(C=O)C(C)C(CCOP(=O)(O)O)SC(=O)C2=CC=CC=C2,1
1,2,CUUCGG,1,C1=NC(=C2C(=N1)N(C=N2)C3C(C(C(O3)COP(=O)(O)O)O)O)N,0
579,319,CGUGAUAAGUCGG,32,C[S+](CCC(C(=O)[O-])N)CC1C(C(C(O1)N2C=NC3=C(N=CN=C32)N)O)O,1
447,233,UAAGGGCAGCCG,44,C1=NC2=C(N1C3C(C(C(O3)COP(=O)(O)OP(=O)(O)O)O)O)N=C(NC2=O)N,0
813,448,CAAAGACUGAG,107,CN(CCO)C1=CC2=C(S1)C=C(S2)C=C(C#N)C3=CC=C(C=C3)C#N,0
122,31,UUUAGCUA,21,C1C(CC(C(C1[NH3+])O)O)[NH3+],1
251,84,UGUAGA,36,C(CSCC(C(=O)O)N)N,1
10,2,CUUCGG,32,C[S+](CCC(C(=O)[O-])N)CC1C(C(C(O1)N2C=NC3=C(N=CN=C32)N)O)O,0
192,50,GGUGCCGCUGAGAAAUAC,135,C(COCCOCCO)O,1
5,2,CUUCGG,12,CC1=CC2=C(C=C1C)N(C3=NC(=O)NC(=O)C3=N2)CC(C(C(COP(=O)(O)O)O)O)O,0
270,96,GUCGCAGUAACC,29,C1=C(C2=C(N1)N=C(NC2=O)N)CN,1
864,477,CGAAGGUGGAAGAG,144,Cc1ccc2c(CC3Sc4ccccc4N3CC(=O)NCCOCCOCCO)cc[n+](C)c2c1,1
410,210,CAACUUAGGAUUUUAGG,29,C1=C(C2=C(N1)N=C(NC2=O)N)CN,1
654,371,AUAUGU,52,C1C2C(C(C(O2)N3C=NC4=C(N=CN=C43)N)O)OP(=O)(OCC5C(C(C(O5)N6C=NC7=C(N=CN=C76)N)O)OP(=O)(O1)O)O,0
135,35,GCCUUAAAC,109,CC1NC(=CC2=CC(=C(C(=C2)F)O)F)C(=O)N1CC(F)(F)F,0
98,19,CAGUUGGGAG,9,C1C(C(C(C(C1N)OC2C(C(C(C(O2)CN)O)O)N)OC3C(C(C(O3)CO)OC4C(C(C(C(O4)CN)O)O)N)O)O)N,1
234,78,GAGGCGCCGAAUGGGGCACGC,35,C(CCN)CC(C(=O)O)N,1
383,184,CGAAGG,32,C[S+](CCC(C(=O)[O-])N)CC1C(C(C(O1)N2C=NC3=C(N=CN=C32)N)O)O,0
406,206,CAAUGCAG,53,C(C(CO)O)O,0
181,49,GAUCGCGU,120,C1CN(CCN1)C2=C(C=NC=C2)CNCC3=CC4=NC=CN=C4C=C3,0
436,230,CCCUG,46,C1C2C(C(C(O2)N3C=NC4=C3N=C(NC4=O)N)O)OP(=O)(OCC5C(C(C(O5)N6C=NC7=C6N=C(NC7=O)N)O)OP(=O)(O1)O)O,0
815,449,CCAAUCGUGCG,107,CN(CCO)C1=CC2=C(S1)C=C(S2)C=C(C#N)C3=CC=C(C=C3)C#N,1
545,296,CGGAGG,52,C1C2C(C(C(O2)N3C=NC4=C(N=CN=C43)N)O)OP(=O)(OCC5C(C(C(O5)N6C=NC7=C(N=CN=C76)N)O)OP(=O)(O1)O)O,1
7,2,CUUCGG,27,C[NH+](C)CCC[N+]1=C(NC2=C1C3=C(C=C2)OC(C3)C[NH+](C)C)N,0
690,391,CUCCGG,63,C(CCNCCCN)CNCCCN,1
717,402,CAAGGUGAUAGGAUAGGAAUAAGCGG,109,CC1NC(=CC2=CC(=C(C(=C2)F)O)F)C(=O)N1CC(F)(F)F,1
658,375,CACACCAG,95,CN(C)C1=C(N=C(C(=N1)N)C(=O)[NH+]=C(N)N)C#CC2=CC=CC=C2,0
62,8,CGAAAG,100,C12=NNN=C1NC(=O)NC2=O,0
217,64,GAUAAC,29,C1=C(C2=C(N1)N=C(NC2=O)N)CN,0
421,221,CGUAAUGUUAG,23,C1=NC2=C(N1C3C(C(C(O3)COP(=O)(O)OP(=O)(O)OP(=O)(O)O)O)O)N=C(NC2=O)N,0
16,2,CUUCGG,78,C(CC(=O)N)C(C(=O)O)N,0
478,253,GACGAC,61,C(=NN)(N)N,1
35,6,CACGAAG,4,C1C(C(C(C(C1N)O)O)O)N,1
80,10,GAUACGCAGC,8,CN1C2=C(C(=O)N(C1=O)C)NC=N2,1
666,379,UGAAA,97,C(=N)(N)N,0
868,479,UGAGCGAG,144,Cc1ccc2c(CC3Sc4ccccc4N3CC(=O)NCCOCCOCCO)cc[n+](C)c2c1,1
435,230,CCCUG,44,C1=NC2=C(N1C3C(C(C(O3)COP(=O)(O)OP(=O)(O)O)O)O)N=C(NC2=O)N,0
744,414,GCUGGU,112,C[N+](C)(C)C1=CC=C(C=C1)N2C(NC(=CC3=CC(=C(C(=C3)OC)O)OC)C2=O)C=NO,0
867,478,GGAGAGGC,147,COc5ccc(c1ccc4c(c1)c(Cc3sc2ccccc2[n+]3CC(=O)NCCO)cc[n+]4C)cc5,1
501,265,CGAAGGAGAGGAGAGGAAGAGGAGAG,145,C[N+]1=C2C=CC(=CC2=C(C=C1)CC3=[N+](C4=CC=CC=C4S3)C)C5=CC=C(C=C5)OC,1
66,8,CGAAAG,125,CC(C(C1CN=C2C(=N1)C(=O)NC(=N2)N)O)O,0
50,8,CGAAAG,51,CC1C(C(C(O1)N2C=NC3=C(N=CN=C32)N)O)O.CC1=CC2=C(C=C1C)[N+](=C[N-]2)C3C(C(C(O3)CO)OP(=O)(O)OC(C)CNC(=O)CCC4(C(C5C6(C(C(C([N-]6)C(=C7C(C(C([N-]7)C=C8C(C(C([N-]8)C(=C4[N-]5)C)CCC(=O)N)(C)C)CCC(=O)N)(C)CC(=O)N)C)CCC(=O)N)(C)CC(=O)N)C)CC(=O)N)C)O.[Co],0
61,8,CGAAAG,90,C1=NC(=C2C(=N1)N(C=N2)[C@H]3[C@@H]([C@@H]([C@H](O3)COP(=O)(O)OS(=O)(=O)O)OP(=O)(O)O)O)N,0
68,8,CGAAAG,127,C(CCNCCCN)CN,0
745,415,CUAGCCG,53,C(C(CO)O)O,1
458,241,ACGUGGAA,93,C1=CN=CC=C1N2C=NC(=C2N)C(=O)N,0
379,180,GCUCGAACAGC,32,C[S+](CCC(C(=O)[O-])N)CC1C(C(C(O1)N2C=NC3=C(N=CN=C32)N)O)O,0
529,282,UAUGGGA,69,CC(CC(C)(C)O)O,0
653,370,UGCUUAAAAGCGCCACGGAUACCUG,51,CC1C(C(C(O1)N2C=NC3=C(N=CN=C32)N)O)O.CC1=CC2=C(C=C1C)[N+](=C[N-]2)C3C(C(C(O3)CO)OP(=O)(O)OC(C)CNC(=O)CCC4(C(C5C6(C(C(C([N-]6)C(=C7C(C(C([N-]7)C=C8C(C(C([N-]8)C(=C4[N-]5)C)CCC(=O)N)(C)C)CCC(=O)N)(C)CC(=O)N)C)CCC(=O)N)(C)CC(=O)N)C)CC(=O)N)C)O.[Co],1
188,50,GGUGCCGCUGAGAAAUAC,117,CNCC1=CC2=NC=CN=C2C=C1,1
47,8,CGAAAG,46,C1C2C(C(C(O2)N3C=NC4=C3N=C(NC4=O)N)O)OP(=O)(OCC5C(C(C(O5)N6C=NC7=C6N=C(NC7=O)N)O)OP(=O)(O1)O)O,0
530,283,UCCAAGGUGU,23,C1=NC2=C(N1C3C(C(C(O3)COP(=O)(O)OP(=O)(O)OP(=O)(O)O)O)O)N=C(NC2=O)N,0
552,301,GAUACGAUAAAAGAC,68,C1=NC2=C(N1C3C(C(C(O3)COP(=O)(O)OP(=O)(O)O)OP(=O)(O)OP(=O)(O)O)O)N=C(NC2=O)N,0
588,324,UUAAUCGUAGCG,82,C1=NC2=C(N1C3C(C(C(O3)COP(=O)(O)O)O)O)N=C(NC2=O)N,0
65,8,CGAAAG,124,C1=CNC2=C1C(=O)NC(=N2)N,0
569,314,GCUUCC,32,C[S+](CCC(C(=O)[O-])N)CC1C(C(C(O1)N2C=NC3=C(N=CN=C32)N)O)O,1
600,335,CGCGUUUGGUACGGAG,52,C1C2C(C(C(O2)N3C=NC4=C(N=CN=C43)N)O)OP(=O)(OCC5C(C(C(O5)N6C=NC7=C(N=CN=C76)N)O)OP(=O)(O1)O)O,1
333,139,UGCGA,48,C1C(N(C2=C(N1)N=C(NC2=O)N)C=O)CNC3=CC=C(C=C3)C(=O)NC(CCC(=O)O)C(=O)O,1
629,351,CCCGUAG,85,C1=NC(=C2C(=N1)N(C=N2)C3C(C(C(O3)COP(=O)(O)OP(=O)(O)O)O)O)N,0
862,476,AGGAAGGUUUGGUAUGUGGUAGAU,143,CS(=O)C,1
286,105,CAUUGCACUCCG,43,C1=NC(=C2C(=N1)N(C=N2)C3C(C(C(O3)CSCCC(C(=O)O)N)O)O)N,0
359,161,GAAGACGCGCAGC,51,CC1C(C(C(O1)N2C=NC3=C(N=CN=C32)N)O)O.CC1=CC2=C(C=C1C)[N+](=C[N-]2)C3C(C(C(O3)CO)OP(=O)(O)OC(C)CNC(=O)CCC4(C(C5C6(C(C(C([N-]6)C(=C7C(C(C([N-]7)C=C8C(C(C([N-]8)C(=C4[N-]5)C)CCC(=O)N)(C)C)CCC(=O)N)(C)CC(=O)N)C)CCC(=O)N)(C)CC(=O)N)C)CC(=O)N)C)O.[Co],1
499,264,UGCUGCUAAG,66,C1=NC2=C(N1C3C(C(C(O3)COP(=O)(O)OP(=O)(O)OP(=O)(O)OCC4C(C(C(O4)N5C=NC6=C5N=C(NC6=O)N)O)O)O)O)N=C(NC2=O)N,0
119,30,GGGAAGAAACUGCGGC,1,C1=NC(=C2C(=N1)N(C=N2)C3C(C(C(O3)COP(=O)(O)O)O)O)N,1
386,187,GGAGAC,32,C[S+](CCC(C(=O)[O-])N)CC1C(C(C(O1)N2C=NC3=C(N=CN=C32)N)O)O,0
751,417,UXCGUG,53,C(C(CO)O)O,0
828,456,UUUCGA,62,CC1=NC(=C(N1C)O)CC2=CC(=C(C(=C2)F)O)F,0
525,281,CUAUUU,68,C1=NC2=C(N1C3C(C(C(O3)COP(=O)(O)OP(=O)(O)O)OP(=O)(O)OP(=O)(O)O)O)N=C(NC2=O)N,0
550,299,CAAGUGGG,68,C1=NC2=C(N1C3C(C(C(O3)COP(=O)(O)OP(=O)(O)O)OP(=O)(O)OP(=O)(O)O)O)N=C(NC2=O)N,1
123,32,GGCAC,19,C(C1C(C(C(C(O1)O)O)[NH3+])O)O,1
381,182,GUGCC,32,C[S+](CCC(C(=O)[O-])N)CC1C(C(C(O1)N2C=NC3=C(N=CN=C32)N)O)O,0
315,124,AUAACGGUUUCUACCGACU,47,C1=NC2=C(N1)C(=S)N=C(N2)N,1
433,229,ACACGACAAUACUAAACGGCGAAAU,56,C1C2C(C(C(O2)N3C=NC4=C3N=C(NC4=O)N)O)OP(=O)(OCC5C(C(C(O5)N6C=NC7=C(N=CN=C76)N)O)OP(=O)(O1)O)O,1
283,105,CAUUGCACUCCG,23,C1=NC2=C(N1C3C(C(C(O3)COP(=O)(O)OP(=O)(O)OP(=O)(O)O)O)O)N=C(NC2=O)N,0
46,8,CGAAAG,43,C1=NC(=C2C(=N1)N(C=N2)C3C(C(C(O3)CSCCC(C(=O)O)N)O)O)N,0
470,246,CUGAUGAUCGCAUUGAAUUACG,58,C1=CC2=C(C=C1O)C(=CN2)CC(C(=O)O)N,1
187,50,GGUGCCGCUGAGAAAUAC,116,CC1=C(SC=[N+]1CC2=CN=C(N=C2N)C)CCOP(=O)(CP(=O)(O)O)O,1
731,412,CAGUUGUUGG,53,C(C(CO)O)O,1
833,458,AGGUGGGUGGUGUGGAGGAGUAU,134,CC1=CC2=C(C=C1)[N+](=C(S2)C3=CC=C(C=C3)N(C)C)C,1
611,343,GGUACGC,52,C1C2C(C(C(O2)N3C=NC4=C(N=CN=C43)N)O)OP(=O)(OCC5C(C(C(O5)N6C=NC7=C(N=CN=C76)N)O)OP(=O)(O1)O)O,0
526,281,CUAUUU,69,CC(CC(C)(C)O)O,0
398,199,UUAAUCCAGUCC,52,C1C2C(C(C(O2)N3C=NC4=C(N=CN=C43)N)O)OP(=O)(OCC5C(C(C(O5)N6C=NC7=C(N=CN=C76)N)O)OP(=O)(O1)O)O,1
209,57,CUUUAAUG,28,C1C(C(C(C(C1N)OC2C(C(C(C(O2)CN)O)O)N)OC3C(C(C(O3)CO)O)O)O)N,1
684,385,CGCGGUGG,89,C1=CC(=C[N+](=C1)C2C(C(C(O2)COP(=O)([O-])OP(=O)(O)OCC3C(C(C(O3)N4C=NC5=C(N=CN=C54)N)O)O)O)O)C(=O)N,0
532,283,UCCAAGGUGU,69,CC(CC(C)(C)O)O,0
670,380,CAACGGCG,83,C1=NC(=C2C(=N1)N(C=N2)[C@H]3[C@@H]([C@@H]([C@H](O3)CSCCCN)O)O)N,1
763,423,UUCAACUCGCUA,122,C1[C@@H](NC2=C(N1)N=C(NC2=O)N)CNC3=CC=C(C=C3)C(=O)N[C@@H](CCC(=O)O)C(=O)O,1
725,410,UCGCAA,97,C(=N)(N)N,0
680,383,GGGCGC,85,C1=NC(=C2C(=N1)N(C=N2)C3C(C(C(O3)COP(=O)(O)OP(=O)(O)O)O)O)N,0
517,278,AUUUUAAAGC,69,CC(CC(C)(C)O)O,0
571,314,GCUUCC,83,C1=NC(=C2C(=N1)N(C=N2)[C@H]3[C@@H]([C@@H]([C@H](O3)CSCCCN)O)O)N,1
233,77,GUGAAAUUC,50,CC1=CC2=C(C=C1C)[N+](=C[N-]2)C3C(C(C(O3)CO)OP(=O)(O)OC(C)CNC(=O)CCC4(C(C5C6(C(C(C([N-]6)C(=C7C(C(C(=CC8C(C(C([N-]8)C(=C4[N-]5)C)CCC(=O)N)(C)C)[N-]7)CCC(=O)N)(C)CC(=O)N)C)CCC(=O)N)(C)CC(=O)N)C)CC(=O)N)C)O.O.[Co],0
746,415,CUAGCCG,113,CNCC(C1=CC(=CC=C1)O)O.Cl,0
370,172,GUGUC,51,CC1C(C(C(O1)N2C=NC3=C(N=CN=C32)N)O)O.CC1=CC2=C(C=C1C)[N+](=C[N-]2)C3C(C(C(O3)CO)OP(=O)(O)OC(C)CNC(=O)CCC4(C(C5C6(C(C(C([N-]6)C(=C7C(C(C([N-]7)C=C8C(C(C([N-]8)C(=C4[N-]5)C)CCC(=O)N)(C)C)CCC(=O)N)(C)CC(=O)N)C)CCC(=O)N)(C)CC(=O)N)C)CC(=O)N)C)O.[Co],1
691,392,GAAGCGGAAAU,23,C1=NC2=C(N1C3C(C(C(O3)COP(=O)(O)OP(=O)(O)OP(=O)(O)O)O)O)N=C(NC2=O)N,0
24,3,AUCUGCU,2,C(CC(C(=O)O)N)CN=C(N)N,1
311,121,UGAUGAAUGGGUUUAAA,46,C1C2C(C(C(O2)N3C=NC4=C3N=C(NC4=O)N)O)OP(=O)(OCC5C(C(C(O5)N6C=NC7=C6N=C(NC7=O)N)O)OP(=O)(O1)O)O,0
799,441,UAUAAUAAG,139,C1=C2C(=NC(=N1)N)N(C=N2)C3C(C(C(O3)CO)O)O,0
239,80,CGAGCGAG,36,C(CSCC(C(=O)O)N)N,0
767,423,UUCAACUCGCUA,126,C1C(=NC2=C(N1)N=C(NC2=O)N)[C@@H]([C@@H](CO)O)O,1
557,305,GUCGCAGUCCCA,72,C1=CC=C2C(=C1)C3=C(O2)C=CC(=C3)OCCN,1
353,155,GGAUGC,127,C(CCNCCCN)CN,1
231,76,GUAGAGUC,12,CC1=CC2=C(C=C1C)N(C3=NC(=O)NC(=O)C3=N2)CC(C(C(COP(=O)(O)O)O)O)O,0
630,351,CCCGUAG,86,C1=NC(=C2C(=N1)N(C=N2)C3C(C(C(O3)COP(=O)(O)OP(=O)(O)OP(=O)(O)O)O)O)N,0
520,279,CCACACCUU,69,CC(CC(C)(C)O)O,0
415,215,GCAUC,54,CC1=NC(=CC2=CC(=C(C(=C2)F)O)F)C(=O)N1C,0
279,101,AGAAAU,52,C1C2C(C(C(O2)N3C=NC4=C(N=CN=C43)N)O)OP(=O)(OCC5C(C(C(O5)N6C=NC7=C(N=CN=C76)N)O)OP(=O)(O1)O)O,0
17,2,CUUCGG,101,CN(CCO)C1=CC=C(C=C1)C=C(C#N)C2=CC=C(C=C2)C#N,0
842,464,CGUUGG,89,C1=CC(=C[N+](=C1)C2C(C(C(O2)COP(=O)([O-])OP(=O)(O)OCC3C(C(C(O3)N4C=NC5=C(N=CN=C54)N)O)O)O)O)C(=O)N,1
504,267,CGUAA,23,C1=NC2=C(N1C3C(C(C(O3)COP(=O)(O)OP(=O)(O)OP(=O)(O)O)O)O)N=C(NC2=O)N,0
756,420,UGUGGA,80,C[As](=O)(C)O,0
617,349,UUUUCUUUUUCGUUUUUCUUUUUG,23,C1=NC2=C(N1C3C(C(C(O3)COP(=O)(O)OP(=O)(O)OP(=O)(O)O)O)O)N=C(NC2=O)N,0
312,122,UUAGUA,23,C1=NC2=C(N1C3C(C(C(O3)COP(=O)(O)OP(=O)(O)OP(=O)(O)O)O)O)N=C(NC2=O)N,0
649,366,GUAAUAGAGCC,51,CC1C(C(C(O1)N2C=NC3=C(N=CN=C32)N)O)O.CC1=CC2=C(C=C1C)[N+](=C[N-]2)C3C(C(C(O3)CO)OP(=O)(O)OC(C)CNC(=O)CCC4(C(C5C6(C(C(C([N-]6)C(=C7C(C(C([N-]7)C=C8C(C(C([N-]8)C(=C4[N-]5)C)CCC(=O)N)(C)C)CCC(=O)N)(C)CC(=O)N)C)CCC(=O)N)(C)CC(=O)N)C)CC(=O)N)C)O.[Co],0
427,227,UUUAUA,23,C1=NC2=C(N1C3C(C(C(O3)COP(=O)(O)OP(=O)(O)OP(=O)(O)O)O)O)N=C(NC2=O)N,0
126,32,GGCAC,52,C1C2C(C(C(O2)N3C=NC4=C(N=CN=C43)N)O)OP(=O)(OCC5C(C(C(O5)N6C=NC7=C(N=CN=C76)N)O)OP(=O)(O1)O)O,1
597,332,GGAUAC,52,C1C2C(C(C(O2)N3C=NC4=C(N=CN=C43)N)O)OP(=O)(OCC5C(C(C(O5)N6C=NC7=C(N=CN=C76)N)O)OP(=O)(O1)O)O,0
812,448,CAAAGACUGAG,62,CC1=NC(=C(N1C)O)CC2=CC(=C(C(=C2)F)O)F,0
616,348,UUCGCA,78,C(CC(=O)N)C(C(=O)O)N,1
513,276,GCGGAUUUUUA,23,C1=NC2=C(N1C3C(C(C(O3)COP(=O)(O)OP(=O)(O)OP(=O)(O)O)O)O)N=C(NC2=O)N,0
210,58,GCUUGCC,28,C1C(C(C(C(C1N)OC2C(C(C(C(O2)CN)O)O)N)OC3C(C(C(O3)CO)O)O)O)N,1
646,363,AAAUGCGGU,51,CC1C(C(C(O1)N2C=NC3=C(N=CN=C32)N)O)O.CC1=CC2=C(C=C1C)[N+](=C[N-]2)C3C(C(C(O3)CO)OP(=O)(O)OC(C)CNC(=O)CCC4(C(C5C6(C(C(C([N-]6)C(=C7C(C(C([N-]7)C=C8C(C(C([N-]8)C(=C4[N-]5)C)CCC(=O)N)(C)C)CCC(=O)N)(C)CC(=O)N)C)CCC(=O)N)(C)CC(=O)N)C)CC(=O)N)C)O.[Co],1
450,234,ACCGCCU,55,C1=NC(=C(N1C2C(C(C(O2)COP(=O)(O)O)O)O)N)C(=O)N,1
404,204,UACUCCUUCG,52,C1C2C(C(C(O2)N3C=NC4=C(N=CN=C43)N)O)OP(=O)(OCC5C(C(C(O5)N6C=NC7=C(N=CN=C76)N)O)OP(=O)(O1)O)O,0
212,60,GAGCC,29,C1=C(C2=C(N1)N=C(NC2=O)N)CN,1
566,312,UGCUUGGCGAG,75,CN(C)C1=CC2=C(C=C1)C(=C3C=CC(=[N+](C)C)C=C3O2)C4=C(C=C(C=C4)C(=O)O)C(=O)O,1
278,101,AGAAAU,32,C[S+](CCC(C(=O)[O-])N)CC1C(C(C(O1)N2C=NC3=C(N=CN=C32)N)O)O,0
134,35,GCCUUAAAC,41,C1=NC(=O)NC(=N1)N,0
495,261,UGCUGCCGAAAG,64,CC1=C(N=CN1)P(=O)(O)OCC2C(C(C(O2)N3C=NC4=C3N=C(NC4=O)N)O)O,1
476,252,CGCUG,59,[NH2-].[NH2-].[NH2-].[NH2-].[NH2-].[NH2-].[Os+6],0
454,238,AAGGAGGUAGGU,57,CN1C(=CN=O)NC(=CC2=CC(=C(C(=C2)F)O)F)C1=O,1
335,139,UGCGA,108,CC[NH+]1CC[NH+](CC1)C2=C(C=C3C(=C2)N(C=C(C3=O)C(=O)NCCC[NH+](C)C)C4CC4)F,1
21,2,CUUCGG,105,CN(C)CCN(C)C1=CC=C(C=C1)C=C(C#N)C2=CC=C(C=C2)C#N,0
8,2,CUUCGG,29,C1=C(C2=C(N1)N=C(NC2=O)N)CN,0
773,428,AAGUGGUAU,139,C1=C2C(=NC(=N1)N)N(C=N2)C3C(C(C(O3)CO)O)O,0
606,339,GGUGGC,82,C1=NC2=C(N1C3C(C(C(O3)COP(=O)(O)O)O)O)N=C(NC2=O)N,0
139,39,GGUAAUGC,24,CC1=C(SC=[N+]1CC2=CN=C(N=C2N)C)CCOP(=O)(O)OP(=O)(O)O,1
762,422,GUGGUGAGAC,126,C1C(=NC2=C(N1)N=C(NC2=O)N)[C@@H]([C@@H](CO)O)O,0
755,419,UGGUGG,80,C[As](=O)(C)O,1
277,101,AGAAAU,23,C1=NC2=C(N1C3C(C(C(O3)COP(=O)(O)OP(=O)(O)OP(=O)(O)O)O)O)N=C(NC2=O)N,0
103,24,CUUGCG,15,C(CC(C(=O)O)[NH3+])C[NH+]=C(N)N,1
299,112,GAGCGUCC,43,C1=NC(=C2C(=N1)N(C=N2)C3C(C(C(O3)CSCCC(C(=O)O)N)O)O)N,0
316,125,GGAUAUAGC,47,C1=NC2=C(N1)C(=S)N=C(N2)N,0
237,79,CAUCAGGGGAGGAAUCGG,37,CC(C)O,0
793,438,GAUGCAAC,139,C1=C2C(=NC(=N1)N)N(C=N2)C3C(C(C(O3)CO)O)O,0
92,15,CGAGAG,68,C1=NC2=C(N1C3C(C(C(O3)COP(=O)(O)OP(=O)(O)O)OP(=O)(O)OP(=O)(O)O)O)N=C(NC2=O)N,0
309,120,GAAACGGGCAACCGAC,46,C1C2C(C(C(O2)N3C=NC4=C3N=C(NC4=O)N)O)OP(=O)(OCC5C(C(C(O5)N6C=NC7=C6N=C(NC7=O)N)O)OP(=O)(O1)O)O,0
227,72,CAGAAAUG,32,C[S+](CCC(C(=O)[O-])N)CC1C(C(C(O1)N2C=NC3=C(N=CN=C32)N)O)O,0
262,89,GGUCUC,36,C(CSCC(C(=O)O)N)N,0
177,49,GAUCGCGU,116,CC1=C(SC=[N+]1CC2=CN=C(N=C2N)C)CCOP(=O)(CP(=O)(O)O)O,1
253,85,UUCCUCCCG,35,C(CCN)CC(C(=O)O)N,0
485,257,GUACGC,63,C(CCNCCCN)CNCCCN,0
832,458,AGGUGGGUGGUGUGGAGGAGUAU,133,CN1C(NC(=CC2=CC(=C(C(=C2)F)O)F)C1=O)C=CC(=O)OC,1
352,155,GGAUGC,50,CC1=CC2=C(C=C1C)[N+](=C[N-]2)C3C(C(C(O3)CO)OP(=O)(O)OC(C)CNC(=O)CCC4(C(C5C6(C(C(C([N-]6)C(=C7C(C(C(=CC8C(C(C([N-]8)C(=C4[N-]5)C)CCC(=O)N)(C)C)[N-]7)CCC(=O)N)(C)CC(=O)N)C)CCC(=O)N)(C)CC(=O)N)C)CC(=O)N)C)O.O.[Co],1
157,47,CUGCGUG,116,CC1=C(SC=[N+]1CC2=CN=C(N=C2N)C)CCOP(=O)(CP(=O)(O)O)O,0
95,16,UCAGAGGACA,11,C1C2C(C(S1)CCCCC(=O)O)NC(=O)N2,1
162,47,CUGCGUG,135,C(COCCOCCO)O,0
580,320,CCAUG,52,C1C2C(C(C(O2)N3C=NC4=C(N=CN=C43)N)O)OP(=O)(OCC5C(C(C(O5)N6C=NC7=C(N=CN=C76)N)O)OP(=O)(O1)O)O,0
660,376,AUAGCAGCGUGXCCGU,97,C(=N)(N)N,1
775,429,AUCUU,139,C1=C2C(=NC(=N1)N)N(C=N2)C3C(C(C(O3)CO)O)O,0
795,439,GCAUGCAC,139,C1=C2C(=NC(=N1)N)N(C=N2)C3C(C(C(O3)CO)O)O,0
483,256,CCGUUG,109,CC1NC(=CC2=CC(=C(C(=C2)F)O)F)C(=O)N1CC(F)(F)F,1
431,228,UGAAAA,121,C1=NC2=C(N1)C(=O)NC(=N2)N,0
297,110,GCUAGUC,43,C1=NC(=C2C(=N1)N(C=N2)C3C(C(C(O3)CSCCC(C(=O)O)N)O)O)N,1
607,340,UACGGAG,52,C1C2C(C(C(O2)N3C=NC4=C(N=CN=C43)N)O)OP(=O)(OCC5C(C(C(O5)N6C=NC7=C(N=CN=C76)N)O)OP(=O)(O1)O)O,1
354,156,AGGACGGAUGAGU,51,CC1C(C(C(O1)N2C=NC3=C(N=CN=C32)N)O)O.CC1=CC2=C(C=C1C)[N+](=C[N-]2)C3C(C(C(O3)CO)OP(=O)(O)OC(C)CNC(=O)CCC4(C(C5C6(C(C(C([N-]6)C(=C7C(C(C([N-]7)C=C8C(C(C([N-]8)C(=C4[N-]5)C)CCC(=O)N)(C)C)CCC(=O)N)(C)CC(=O)N)C)CCC(=O)N)(C)CC(=O)N)C)CC(=O)N)C)O.[Co],0
350,153,ACGCAU,50,CC1=CC2=C(C=C1C)[N+](=C[N-]2)C3C(C(C(O3)CO)OP(=O)(O)OC(C)CNC(=O)CCC4(C(C5C6(C(C(C([N-]6)C(=C7C(C(C(=CC8C(C(C([N-]8)C(=C4[N-]5)C)CCC(=O)N)(C)C)[N-]7)CCC(=O)N)(C)CC(=O)N)C)CCC(=O)N)(C)CC(=O)N)C)CC(=O)N)C)O.O.[Co],1
510,273,ACGAAA,23,C1=NC2=C(N1C3C(C(C(O3)COP(=O)(O)OP(=O)(O)OP(=O)(O)O)O)O)N=C(NC2=O)N,0
25,3,AUCUGCU,14,CC(=O)C1=CC2=C(C=C1)SC3=CC=CC=C3N2CCCN(C)C,1
364,166,AAGCACGGU,51,CC1C(C(C(O1)N2C=NC3=C(N=CN=C32)N)O)O.CC1=CC2=C(C=C1C)[N+](=C[N-]2)C3C(C(C(O3)CO)OP(=O)(O)OC(C)CNC(=O)CCC4(C(C5C6(C(C(C([N-]6)C(=C7C(C(C([N-]7)C=C8C(C(C([N-]8)C(=C4[N-]5)C)CCC(=O)N)(C)C)CCC(=O)N)(C)CC(=O)N)C)CCC(=O)N)(C)CC(=O)N)C)CC(=O)N)C)O.[Co],0
282,104,GGUAGC,46,C1C2C(C(C(O2)N3C=NC4=C3N=C(NC4=O)N)O)OP(=O)(OCC5C(C(C(O5)N6C=NC7=C6N=C(NC7=O)N)O)OP(=O)(O1)O)O,0
248,83,UCGGA,36,C(CSCC(C(=O)O)N)N,0
38,7,GCGCAUAACC,6,CC1=CC2=C(C=C1C)N(C=N2)C3C(C(C(O3)CO)OP(=O)([O-])OC(C)CNC(=O)CCC4(C(C5C6(C(C(C(=N6)C(=C7C(C(C(=N7)C=C8C(C(C(=N8)C(=C4[N-]5)C)CCC(=O)N)(C)C)CCC(=O)N)(C)CC(=O)N)C)CCC(=O)N)(C)CC(=O)N)C)CC(=O)N)C)O.[Co+2],1
565,311,GAUAC,75,CN(C)C1=CC2=C(C=C1)C(=C3C=CC(=[N+](C)C)C=C3O2)C4=C(C=C(C=C4)C(=O)O)C(=O)O,1
443,232,CGGAAAUG,44,C1=NC2=C(N1C3C(C(C(O3)COP(=O)(O)OP(=O)(O)O)O)O)N=C(NC2=O)N,0
120,31,UUUAGCUA,19,C(C1C(C(C(C(O1)O)O)[NH3+])O)O,1
824,454,GGUAGU,62,CC1=NC(=C(N1C)O)CC2=CC(=C(C(=C2)F)O)F,1
197,51,UCGUAUCACGGAA,116,CC1=C(SC=[N+]1CC2=CN=C(N=C2N)C)CCOP(=O)(CP(=O)(O)O)O,1
367,169,CGGGAUGUGG,51,CC1C(C(C(O1)N2C=NC3=C(N=CN=C32)N)O)O.CC1=CC2=C(C=C1C)[N+](=C[N-]2)C3C(C(C(O3)CO)OP(=O)(O)OC(C)CNC(=O)CCC4(C(C5C6(C(C(C([N-]6)C(=C7C(C(C([N-]7)C=C8C(C(C([N-]8)C(=C4[N-]5)C)CCC(=O)N)(C)C)CCC(=O)N)(C)CC(=O)N)C)CCC(=O)N)(C)CC(=O)N)C)CC(=O)N)C)O.[Co],0
313,122,UUAGUA,46,C1C2C(C(C(O2)N3C=NC4=C3N=C(NC4=O)N)O)OP(=O)(OCC5C(C(C(O5)N6C=NC7=C6N=C(NC7=O)N)O)OP(=O)(O1)O)O,0
390,191,CUAACCUCGUAAGCG,52,C1C2C(C(C(O2)N3C=NC4=C(N=CN=C43)N)O)OP(=O)(OCC5C(C(C(O5)N6C=NC7=C(N=CN=C76)N)O)OP(=O)(O1)O)O,1
360,162,GUGAGAAUC,51,CC1C(C(C(O1)N2C=NC3=C(N=CN=C32)N)O)O.CC1=CC2=C(C=C1C)[N+](=C[N-]2)C3C(C(C(O3)CO)OP(=O)(O)OC(C)CNC(=O)CCC4(C(C5C6(C(C(C([N-]6)C(=C7C(C(C([N-]7)C=C8C(C(C([N-]8)C(=C4[N-]5)C)CCC(=O)N)(C)C)CCC(=O)N)(C)CC(=O)N)C)CCC(=O)N)(C)CC(=O)N)C)CC(=O)N)C)O.[Co],0
665,379,UGAAA,53,C(C(CO)O)O,0
467,244,UGACGAACCACAAACGA,93,C1=CN=CC=C1N2C=NC(=C2N)C(=O)N,1
758,422,GUGGUGAGAC,122,C1[C@@H](NC2=C(N1)N=C(NC2=O)N)CNC3=CC=C(C=C3)C(=O)N[C@@H](CCC(=O)O)C(=O)O,0
854,471,UUUGGA,127,C(CCNCCCN)CN,0
413,213,GUCUCGAACC,29,C1=C(C2=C(N1)N=C(NC2=O)N)CN,0
674,381,AACAACCCCGCU,89,C1=CC(=C[N+](=C1)C2C(C(C(O2)COP(=O)([O-])OP(=O)(O)OCC3C(C(C(O3)N4C=NC5=C(N=CN=C54)N)O)O)O)O)C(=O)N,1
45,8,CGAAAG,35,C(CCN)CC(C(=O)O)N,0
178,49,GAUCGCGU,117,CNCC1=CC2=NC=CN=C2C=C1,0
604,338,CAAAGUAAAG,82,C1=NC2=C(N1C3C(C(C(O3)COP(=O)(O)O)O)O)N=C(NC2=O)N,0
459,241,ACGUGGAA,94,C1=CC(=CN=C1)N2C=NC(=C2N)C(=O)N,0
549,298,AGUAGU,68,C1=NC2=C(N1C3C(C(C(O3)COP(=O)(O)OP(=O)(O)O)OP(=O)(O)OP(=O)(O)O)O)N=C(NC2=O)N,1
39,7,GCGCAUAACC,7,CN,1
11,2,CUUCGG,59,[NH2-].[NH2-].[NH2-].[NH2-].[NH2-].[NH2-].[Os+6],0
425,225,CGAUGCGGCAG,23,C1=NC2=C(N1C3C(C(C(O3)COP(=O)(O)OP(=O)(O)OP(=O)(O)O)O)O)N=C(NC2=O)N,0
757,421,UGACCGACCCGACAACUAGACAUACGA,121,C1=NC2=C(N1)C(=O)NC(=N2)N,1
55,8,CGAAAG,84,C1C=CN(C=C1C(=O)N)[C@H]2[C@@H]([C@@H]([C@H](O2)COP(=O)(O)OP(=O)(O)OC[C@@H]3[C@H]([C@H]([C@@H](O3)N4C=NC5=C(N=CN=C54)N)O)O)O)O,0
275,99,CCGUG,40,C(COCCOCCOP(=O)(O)O)O,0
302,115,GAAUC,45,C(C(=O)O)N,0
678,382,GGCAGC,89,C1=CC(=C[N+](=C1)C2C(C(C(O2)COP(=O)([O-])OP(=O)(O)OCC3C(C(C(O3)N4C=NC5=C(N=CN=C54)N)O)O)O)O)C(=O)N,0
442,232,CGGAAAUG,23,C1=NC2=C(N1C3C(C(C(O3)COP(=O)(O)OP(=O)(O)OP(=O)(O)O)O)O)N=C(NC2=O)N,0
634,351,CCCGUAG,90,C1=NC(=C2C(=N1)N(C=N2)[C@H]3[C@@H]([C@@H]([C@H](O3)COP(=O)(O)OS(=O)(=O)O)OP(=O)(O)O)O)N,0
722,407,GGGAUAAAAGC,97,C(=N)(N)N,0
308,120,GAAACGGGCAACCGAC,23,C1=NC2=C(N1C3C(C(C(O3)COP(=O)(O)OP(=O)(O)OP(=O)(O)O)O)O)N=C(NC2=O)N,1
52,8,CGAAAG,53,C(C(CO)O)O,1
734,412,CAGUUGUUGG,112,C[N+](C)(C)C1=CC=C(C=C1)N2C(NC(=CC3=CC(=C(C(=C3)OC)O)OC)C2=O)C=NO,1
127,32,GGCAC,82,C1=NC2=C(N1C3C(C(C(O3)COP(=O)(O)O)O)O)N=C(NC2=O)N,0
537,288,GACAAAAGC,70,C(C1C(C(C(O1)OP(=O)(O)OP(=O)(O)O)O)O)OP(=O)(O)O,0
633,351,CCCGUAG,89,C1=CC(=C[N+](=C1)C2C(C(C(O2)COP(=O)([O-])OP(=O)(O)OCC3C(C(C(O3)N4C=NC5=C(N=CN=C54)N)O)O)O)O)C(=O)N,0
754,418,UGGGCGGG,80,C[As](=O)(C)O,1
704,395,UGCCAAUCGUA,101,CN(CCO)C1=CC=C(C=C1)C=C(C#N)C2=CC=C(C=C2)C#N,1
789,436,GAAAGGUAAC,139,C1=C2C(=NC(=N1)N)N(C=N2)C3C(C(C(O3)CO)O)O,0
241,81,GAUGAGUAGUGAAAGGC,35,C(CCN)CC(C(=O)O)N,0
827,455,UGUCGGCACUGG,107,CN(CCO)C1=CC2=C(S1)C=C(S2)C=C(C#N)C3=CC=C(C=C3)C#N,1
362,164,UAGUAAGCA,51,CC1C(C(C(O1)N2C=NC3=C(N=CN=C32)N)O)O.CC1=CC2=C(C=C1C)[N+](=C[N-]2)C3C(C(C(O3)CO)OP(=O)(O)OC(C)CNC(=O)CCC4(C(C5C6(C(C(C([N-]6)C(=C7C(C(C([N-]7)C=C8C(C(C([N-]8)C(=C4[N-]5)C)CCC(=O)N)(C)C)CCC(=O)N)(C)CC(=O)N)C)CCC(=O)N)(C)CC(=O)N)C)CC(=O)N)C)O.[Co],0
567,313,CAACGACG,43,C1=NC(=C2C(=N1)N(C=N2)C3C(C(C(O3)CSCCC(C(=O)O)N)O)O)N,1
523,280,CCUAGGACCGA,69,CC(CC(C)(C)O)O,1
823,453,GACGUGGGC,107,CN(CCO)C1=CC2=C(S1)C=C(S2)C=C(C#N)C3=CC=C(C=C3)C#N,0
29,5,GUCGUC,4,C1C(C(C(C(C1N)O)O)O)N,1
796,440,UAUAA,127,C(CCNCCCN)CN,0
609,341,CCGUUAAUCGUAUUCGCUAACUCCGG,52,C1C2C(C(C(O2)N3C=NC4=C(N=CN=C43)N)O)OP(=O)(OCC5C(C(C(O5)N6C=NC7=C(N=CN=C76)N)O)OP(=O)(O1)O)O,1
88,14,GACGGUAAC,10,CN(C)C1=CC2=C(C=C1)C(=C3C=CC(=[N+](C)C)C=C3O2)C4=CC=CC=C4,1
221,67,GGUUUAGGUAAU,20,C1C(C(OC(C1O)C[NH3+])O)[NH3+],1
797,440,UAUAA,139,C1=C2C(=NC(=N1)N)N(C=N2)C3C(C(C(O3)CO)O)O,0
87,13,CCGAAUG,10,CN(C)C1=CC2=C(C=C1)C(=C3C=CC(=[N+](C)C)C=C3O2)C4=CC=CC=C4,1
707,395,UGCCAAUCGUA,104,CN(CCO)C1=NC=C(C=C1)C=C(C#N)C2=CC=C(C=C2)C#N,1
228,73,GACUGGC,32,C[S+](CCC(C(=O)[O-])N)CC1C(C(C(O1)N2C=NC3=C(N=CN=C32)N)O)O,0
559,306,AGGAAGGAUUGGUAUGUGGUAUAU,67,C[N+]1=CC=C(C2=CC=CC=C21)C=C3N(C4=CC=CC=C4S3)CC(=O)NCCOC,1
159,47,CUGCGUG,118,C1=CC2=NC=CN=C2C=C1CN,0
848,468,AAUUACGGAAAAUAGCAAGCGGCAUAAGAUAUAGUCGGACCUCGCGGUU,127,C(CCNCCCN)CN,1
675,382,GGCAGC,23,C1=NC2=C(N1C3C(C(C(O3)COP(=O)(O)OP(=O)(O)OP(=O)(O)O)O)O)N=C(NC2=O)N,0
624,350,AACGGGCAGCGAAUCUACU,88,CNC1=C2C(=NC=N1)N(C=N2)C3C(C(C(O3)COP(=O)(O)OP(=O)(O)OP(=O)(O)O)O)O,1
687,388,UUGCCG,99,CC(C1C(C(C(C(O1)OC2C(CC(C(C2O)OC3C(C(C(CO3)(C)O)NC)O)N)N)N)O)O)O,0
770,426,GAGUAGC,127,C(CCNCCCN)CN,0
856,472,AGUAAGU,140,CC1(CC(CC([NH2+]1)(C)C)OC2=NN=C(C=C2)C3=C(C=C(C=C3)C4=CNN=C4)O)C,1
439,231,CGCGAG,44,C1=NC2=C(N1C3C(C(C(O3)COP(=O)(O)OP(=O)(O)O)O)O)N=C(NC2=O)N,0
429,228,UGAAAA,32,C[S+](CCC(C(=O)[O-])N)CC1C(C(C(O1)N2C=NC3=C(N=CN=C32)N)O)O,0
498,263,CUGCCG,66,C1=NC2=C(N1C3C(C(C(O3)COP(=O)(O)OP(=O)(O)OP(=O)(O)OCC4C(C(C(O4)N5C=NC6=C5N=C(NC6=O)N)O)O)O)O)N=C(NC2=O)N,1
834,459,GUUAGGUC,133,CN1C(NC(=CC2=CC(=C(C(=C2)F)O)F)C1=O)C=CC(=O)OC,0
627,351,CCCGUAG,1,C1=NC(=C2C(=N1)N(C=N2)C3C(C(C(O3)COP(=O)(O)O)O)O)N,0
337,141,CAAAAAUG,32,C[S+](CCC(C(=O)[O-])N)CC1C(C(C(O1)N2C=NC3=C(N=CN=C32)N)O)O,0
250,84,UGUAGA,35,C(CCN)CC(C(=O)O)N,1
22,2,CUUCGG,106,CN(CCO)C1=CC=C(C=C1)C=C(C#N)C2=NC3=CC=CC=C3O2,0
293,106,CUCGG,127,C(CCNCCCN)CN,0
709,395,UGCCAAUCGUA,106,CN(CCO)C1=CC=C(C=C1)C=C(C#N)C2=NC3=CC=CC=C3O2,1
151,45,AAAAUCGCAAGUUUCUUCCGACU,25,C1=NC2=C(N1)C(=O)NC=N2,1
256,86,GCGGC,35,C(CCN)CC(C(=O)O)N,0
156,47,CUGCGUG,115,CC1=C(SC=[N+]1CC2=CN=C(N=C2N)C)CCO,0
342,145,AUAAUCGCAAGUUUCUACCGACU,25,C1=NC2=C(N1)C(=O)NC=N2,1
249,83,UCGGA,37,CC(C)O,0
457,241,ACGUGGAA,55,C1=NC(=C(N1C2C(C(C(O2)COP(=O)(O)O)O)O)N)C(=O)N,0
287,105,CAUUGCACUCCG,46,C1C2C(C(C(O2)N3C=NC4=C3N=C(NC4=O)N)O)OP(=O)(OCC5C(C(C(O5)N6C=NC7=C6N=C(NC7=O)N)O)OP(=O)(O1)O)O,0
83,10,GAUACGCAGC,131,CN1C(=O)C=NC2=C(NC(=O)N=C21)N,1
551,300,CUAGCGUG,68,C1=NC2=C(N1C3C(C(C(O3)COP(=O)(O)OP(=O)(O)O)OP(=O)(O)OP(=O)(O)O)O)N=C(NC2=O)N,0
397,198,GUGAA,52,C1C2C(C(C(O2)N3C=NC4=C(N=CN=C43)N)O)OP(=O)(OCC5C(C(C(O5)N6C=NC7=C(N=CN=C76)N)O)OP(=O)(O1)O)O,0
78,9,AGCCCUU,131,CN1C(=O)C=NC2=C(NC(=O)N=C21)N,1
542,293,CAGGCG,70,C(C1C(C(C(O1)OP(=O)(O)OP(=O)(O)O)O)O)OP(=O)(O)O,1
484,257,GUACGC,62,CC1=NC(=C(N1C)O)CC2=CC(=C(C(=C2)F)O)F,0
522,280,CCUAGGACCGA,68,C1=NC2=C(N1C3C(C(C(O3)COP(=O)(O)OP(=O)(O)O)OP(=O)(O)OP(=O)(O)O)O)N=C(NC2=O)N,0
505,268,GCGGAGCAGUA,23,C1=NC2=C(N1C3C(C(C(O3)COP(=O)(O)OP(=O)(O)OP(=O)(O)O)O)O)N=C(NC2=O)N,0
324,132,ACCUAU,38,C1C(C(OC1N2C=NC3=C2N=C(NC3=O)N)CO)O,0
787,435,CUAAGUAUG,139,C1=C2C(=NC(=N1)N)N(C=N2)C3C(C(C(O3)CO)O)O,0
702,394,CACUGGUGUCGG,107,CN(CCO)C1=CC2=C(S1)C=C(S2)C=C(C#N)C3=CC=C(C=C3)C#N,1
258,87,GAGGCGCCGAAGCCUGGGGCACGC,36,C(CSCC(C(=O)O)N)N,1
682,383,GGGCGC,89,C1=CC(=C[N+](=C1)C2C(C(C(O2)COP(=O)([O-])OP(=O)(O)OCC3C(C(C(O3)N4C=NC5=C(N=CN=C54)N)O)O)O)O)C(=O)N,0
831,457,ACUUACCU,128,CCC1CN(CCN1)C2=CC(=C(C=C2)C(=O)NC3=NC=C4NC(=C[N+]4=C3)C)F,1
273,97,CACCGCGG,40,C(COCCOCCOP(=O)(O)O)O,0
322,131,ACAGGUGACCCCGCCGACU,38,C1C(C(OC1N2C=NC3=C2N=C(NC3=O)N)CO)O,1
30,5,GUCGUC,5,CC1(COC(C(C1NC)O)O)O,1
760,422,GUGGUGAGAC,124,C1=CNC2=C1C(=O)NC(=N2)N,0
766,423,UUCAACUCGCUA,125,CC(C(C1CN=C2C(=N1)C(=O)NC(=N2)N)O)O,1
176,49,GAUCGCGU,115,CC1=C(SC=[N+]1CC2=CN=C(N=C2N)C)CCO,0
601,336,CAUACGCG,52,C1C2C(C(C(O2)N3C=NC4=C(N=CN=C43)N)O)OP(=O)(OCC5C(C(C(O5)N6C=NC7=C(N=CN=C76)N)O)OP(=O)(O1)O)O,1
318,127,GAGUAGUGCAUCCGC,48,C1C(N(C2=C(N1)N=C(NC2=O)N)C=O)CNC3=CC=C(C=C3)C(=O)NC(CCC(=O)O)C(=O)O,1
826,455,UGUCGGCACUGG,62,CC1=NC(=C(N1C)O)CC2=CC(=C(C(=C2)F)O)F,0
556,305,GUCGCAGUCCCA,71,C1COCCN1CCS(=O)(=O)O,1
698,394,CACUGGUGUCGG,103,CN(CCO)C1=NC=C(N=C1)C=C(C#N)C2=CC=C(C=C2)C#N,1
200,51,UCGUAUCACGGAA,119,CC1=CC2=NC=CN=C2C=C1,0
475,251,CCGCUG,59,[NH2-].[NH2-].[NH2-].[NH2-].[NH2-].[NH2-].[Os+6],1
716,401,AUAAUAUGGUU,109,CC1NC(=CC2=CC(=C(C(=C2)F)O)F)C(=O)N1CC(F)(F)F,0
804,444,UUCGA,127,C(CCNCCCN)CN,0
238,80,CGAGCGAG,35,C(CCN)CC(C(=O)O)N,0
263,89,GGUCUC,37,CC(C)O,0
779,431,CAAAUUAGCAUAAAUG,139,C1=C2C(=NC(=N1)N)N(C=N2)C3C(C(C(O3)CO)O)O,0
244,82,GGAAUAC,35,C(CCN)CC(C(=O)O)N,0
638,355,CGGCAG,32,C[S+](CCC(C(=O)[O-])N)CC1C(C(C(O1)N2C=NC3=C(N=CN=C32)N)O)O,0
488,258,GUGAGGGUAGUGUGGGCUC,63,C(CCNCCCN)CNCCCN,1
198,51,UCGUAUCACGGAA,117,CNCC1=CC2=NC=CN=C2C=C1,0
133,35,GCCUUAAAC,22,C1=NC2=NC=NC(=C2N1)N,0
482,256,CCGUUG,63,C(CCNCCCN)CNCCCN,0
163,47,CUGCGUG,136,C(COCCOCCOCCO)O,0
285,105,CAUUGCACUCCG,32,C[S+](CCC(C(=O)[O-])N)CC1C(C(C(O1)N2C=NC3=C(N=CN=C32)N)O)O,0
610,342,GAGGAAC,52,C1C2C(C(C(O2)N3C=NC4=C(N=CN=C43)N)O)OP(=O)(OCC5C(C(C(O5)N6C=NC7=C(N=CN=C76)N)O)OP(=O)(O1)O)O,1
807,445,UUGUUG,139,C1=C2C(=NC(=N1)N)N(C=N2)C3C(C(C(O3)CO)O)O,0
314,123,ACUGUAAAU,47,C1=NC2=C(N1)C(=S)N=C(N2)N,0
148,43,GGAUAUGGC,38,C1C(C(OC1N2C=NC3=C2N=C(NC3=O)N)CO)O,0
300,113,GCAAGUUCAAAC,43,C1=NC(=C2C(=N1)N(C=N2)C3C(C(C(O3)CSCCC(C(=O)O)N)O)O)N,1
43,8,CGAAAG,29,C1=C(C2=C(N1)N=C(NC2=O)N)CN,0
863,476,AGGAAGGUUUGGUAUGUGGUAGAU,144,Cc1ccc2c(CC3Sc4ccccc4N3CC(=O)NCCOCCOCCO)cc[n+](C)c2c1,1
752,417,UXCGUG,113,CNCC(C1=CC(=CC=C1)O)O.Cl,0
235,79,CAUCAGGGGAGGAAUCGG,35,C(CCN)CC(C(=O)O)N,0
518,279,CCACACCUU,23,C1=NC2=C(N1C3C(C(C(O3)COP(=O)(O)OP(=O)(O)OP(=O)(O)O)O)O)N=C(NC2=O)N,0
587,324,UUAAUCGUAGCG,52,C1C2C(C(C(O2)N3C=NC4=C(N=CN=C43)N)O)OP(=O)(OCC5C(C(C(O5)N6C=NC7=C(N=CN=C76)N)O)OP(=O)(O1)O)O,1
683,384,AACAUCCCCGCU,89,C1=CC(=C[N+](=C1)C2C(C(C(O2)COP(=O)([O-])OP(=O)(O)OCC3C(C(C(O3)N4C=NC5=C(N=CN=C54)N)O)O)O)O)C(=O)N,1
334,139,UGCGA,53,C(C(CO)O)O,1
765,423,UUCAACUCGCUA,124,C1=CNC2=C1C(=O)NC(=N2)N,1
574,317,GGCGGC,77,C[N+]1=CC=C(C=C1)C2=C3C=CC(=C(C4=NC(=C(C5=CC=C(N5)C(=C6C=CC2=N6)C7=CC=[N+](C=C7)C)C8=CC=[N+](C=C8)C)C=C4)C9=CC=[N+](C=C9)C)N3,1
837,461,UAAAAACAAA,137,C1=CC(=C[N+](=C1)[C@H]2[C@@H]([C@@H]([C@H](O2)CO)O)O)C(=O)N,1
385,186,GACGGACAC,32,C[S+](CCC(C(=O)[O-])N)CC1C(C(C(O1)N2C=NC3=C(N=CN=C32)N)O)O,0
32,5,GUCGUC,127,C(CCNCCCN)CN,0
121,31,UUUAGCUA,20,C1C(C(OC(C1O)C[NH3+])O)[NH3+],1
142,42,ACCGUAAAU,25,C1=NC2=C(N1)C(=O)NC=N2,0
816,450,GAACAGUCUAC,62,CC1=NC(=C(N1C)O)CC2=CC(=C(C(=C2)F)O)F,0
18,2,CUUCGG,102,CN(C)CCN(C)C1=NC=C(N=C1)C=C(C#N)C2=CC=C(C=C2)C#N,0
112,26,CCGUCG,15,C(CC(C(=O)O)[NH3+])C[NH+]=C(N)N,1
711,396,UGCCA,108,CC[NH+]1CC[NH+](CC1)C2=C(C=C3C(=C2)N(C=C(C3=O)C(=O)NCCC[NH+](C)C)C4CC4)F,1
6,2,CUUCGG,23,C1=NC2=C(N1C3C(C(C(O3)COP(=O)(O)OP(=O)(O)OP(=O)(O)O)O)O)N=C(NC2=O)N,1
207,55,CAUGUGG,2,C(CC(C(=O)O)N)CN=C(N)N,0
48,8,CGAAAG,48,C1C(N(C2=C(N1)N=C(NC2=O)N)C=O)CNC3=CC=C(C=C3)C(=O)NC(CCC(=O)O)C(=O)O,0
703,395,UGCCAAUCGUA,23,C1=NC2=C(N1C3C(C(C(O3)COP(=O)(O)OP(=O)(O)OP(=O)(O)O)O)O)N=C(NC2=O)N,0
776,430,AUGUAUU,127,C(CCNCCCN)CN,0
729,411,GUUCGC,121,C1=NC2=C(N1)C(=O)NC(=N2)N,0
575,317,GGCGGC,96,C1COCCN1CCCNC2=CC3=C(N(C(=O)C4=C3C5=C2C(=O)N(C(=O)C5=CC4=NCCCN6CCOCC6)CCCN7CCOCC7)CCCN8CCOCC8)O,1
203,51,UCGUAUCACGGAA,136,C(COCCOCCOCCO)O,0
422,222,GGAGUAGCAAGAC,23,C1=NC2=C(N1C3C(C(C(O3)COP(=O)(O)OP(=O)(O)OP(=O)(O)O)O)O)N=C(NC2=O)N,0
102,23,GGUUAGGUC,13,C(CC(C(=O)O)N)CNC(=O)N,1
418,218,UUGCUG,54,CC1=NC(=CC2=CC(=C(C(=C2)F)O)F)C(=O)N1C,0
753,417,UXCGUG,114,C1=NC2=C(N1C3C(C(C(O3)COP(=O)(O)O)O)O)NC(=O)NC2=O,1
288,105,CAUUGCACUCCG,51,CC1C(C(C(O1)N2C=NC3=C(N=CN=C32)N)O)O.CC1=CC2=C(C=C1C)[N+](=C[N-]2)C3C(C(C(O3)CO)OP(=O)(O)OC(C)CNC(=O)CCC4(C(C5C6(C(C(C([N-]6)C(=C7C(C(C([N-]7)C=C8C(C(C([N-]8)C(=C4[N-]5)C)CCC(=O)N)(C)C)CCC(=O)N)(C)CC(=O)N)C)CCC(=O)N)(C)CC(=O)N)C)CC(=O)N)C)O.[Co],0
465,243,UAUCAA,94,C1=CC(=CN=C1)N2C=NC(=C2N)C(=O)N,0
332,138,GUAGCGCAUC,48,C1C(N(C2=C(N1)N=C(NC2=O)N)C=O)CNC3=CC=C(C=C3)C(=O)NC(CCC(=O)O)C(=O)O,0
179,49,GAUCGCGU,118,C1=CC2=NC=CN=C2C=C1CN,0
840,463,CCGAAAGUCUAAACAG,89,C1=CC(=C[N+](=C1)C2C(C(C(O2)COP(=O)([O-])OP(=O)(O)OCC3C(C(C(O3)N4C=NC5=C(N=CN=C54)N)O)O)O)O)C(=O)N,0
358,160,CUACGGAG,51,CC1C(C(C(O1)N2C=NC3=C(N=CN=C32)N)O)O.CC1=CC2=C(C=C1C)[N+](=C[N-]2)C3C(C(C(O3)CO)OP(=O)(O)OC(C)CNC(=O)CCC4(C(C5C6(C(C(C([N-]6)C(=C7C(C(C([N-]7)C=C8C(C(C([N-]8)C(=C4[N-]5)C)CCC(=O)N)(C)C)CCC(=O)N)(C)CC(=O)N)C)CCC(=O)N)(C)CC(=O)N)C)CC(=O)N)C)O.[Co],1
138,38,GAACGCGC,24,CC1=C(SC=[N+]1CC2=CN=C(N=C2N)C)CCOP(=O)(O)OP(=O)(O)O,1
266,92,GAUAGAUGC,32,C[S+](CCC(C(=O)[O-])N)CC1C(C(C(O1)N2C=NC3=C(N=CN=C32)N)O)O,1
173,48,GAUAAUGC,136,C(COCCOCCOCCO)O,0
663,378,GUUCGAUUC,53,C(C(CO)O)O,0
676,382,GGCAGC,85,C1=NC(=C2C(=N1)N(C=N2)C3C(C(C(O3)COP(=O)(O)OP(=O)(O)O)O)O)N,0
189,50,GGUGCCGCUGAGAAAUAC,118,C1=CC2=NC=CN=C2C=C1CN,1
195,51,UCGUAUCACGGAA,26,CC1=NC=C(C(=N1)N)CN(C=O)C(C)C(CCOP(=O)(O)O)SC(=O)C2=CC=CC=C2,1
835,459,GUUAGGUC,134,CC1=CC2=C(C=C1)[N+](=C(S2)C3=CC=C(C=C3)N(C)C)C,0
131,34,AUGAUAUGGUU,22,C1=NC2=NC=NC(=C2N1)N,0
540,291,AAAGUAGUACACGAUAGAAGUAGGUU,70,C(C1C(C(C(O1)OP(=O)(O)OP(=O)(O)O)O)O)OP(=O)(O)O,1
223,68,AUAAUCGCAAGUUUCUACCGAUU,34,CNC1=NC=NC2=C1NC=N2,1
438,231,CGCGAG,23,C1=NC2=C(N1C3C(C(C(O3)COP(=O)(O)OP(=O)(O)OP(=O)(O)O)O)O)N=C(NC2=O)N,0
768,424,AAAAUAGCAAGCGGCAUAAGAUAUAGUCGGACCUCGCGGUUAAAU,127,C(CCNCCCN)CN,1
808,446,ACGAUGCCGCGGCGCU,62,CC1=NC(=C(N1C)O)CC2=CC(=C(C(=C2)F)O)F,0
598,333,UACGAA,52,C1C2C(C(C(O2)N3C=NC4=C(N=CN=C43)N)O)OP(=O)(OCC5C(C(C(O5)N6C=NC7=C(N=CN=C76)N)O)OP(=O)(O1)O)O,0
736,413,GAGGGGCGGU,53,C(C(CO)O)O,0
54,8,CGAAAG,75,CN(C)C1=CC2=C(C=C1)C(=C3C=CC(=[N+](C)C)C=C3O2)C4=C(C=C(C=C4)C(=O)O)C(=O)O,0
201,51,UCGUAUCACGGAA,120,C1CN(CCN1)C2=C(C=NC=C2)CNCC3=CC4=NC=CN=C4C=C3,1
175,49,GAUCGCGU,26,CC1=NC=C(C(=N1)N)CN(C=O)C(C)C(CCOP(=O)(O)O)SC(=O)C2=CC=CC=C2,1
281,103,CUAAAUAG,46,C1C2C(C(C(O2)N3C=NC4=C3N=C(NC4=O)N)O)OP(=O)(OCC5C(C(C(O5)N6C=NC7=C6N=C(NC7=O)N)O)OP(=O)(O1)O)O,0
67,8,CGAAAG,126,C1C(=NC2=C(N1)N=C(NC2=O)N)[C@@H]([C@@H](CO)O)O,0
368,170,GGAGCGAGGAU,51,CC1C(C(C(O1)N2C=NC3=C(N=CN=C32)N)O)O.CC1=CC2=C(C=C1C)[N+](=C[N-]2)C3C(C(C(O3)CO)OP(=O)(O)OC(C)CNC(=O)CCC4(C(C5C6(C(C(C([N-]6)C(=C7C(C(C([N-]7)C=C8C(C(C([N-]8)C(=C4[N-]5)C)CCC(=O)N)(C)C)CCC(=O)N)(C)CC(=O)N)C)CCC(=O)N)(C)CC(=O)N)C)CC(=O)N)C)O.[Co],0
777,430,AUGUAUU,139,C1=C2C(=NC(=N1)N)N(C=N2)C3C(C(C(O3)CO)O)O,0
276,100,UGGAGCGACGAAA,32,C[S+](CCC(C(=O)[O-])N)CC1C(C(C(O1)N2C=NC3=C(N=CN=C32)N)O)O,0
84,10,GAUACGCAGC,132,COC1=C(C=C2C(=C1)C(=NC=N2)N3CCN(CC3)CCCCO)OC,1
448,233,UAAGGGCAGCCG,46,C1C2C(C(C(O2)N3C=NC4=C3N=C(NC4=O)N)O)OP(=O)(OCC5C(C(C(O5)N6C=NC7=C6N=C(NC7=O)N)O)OP(=O)(O1)O)O,0
110,25,GGAAAC,127,C(CCNCCCN)CN,0
31,5,GUCGUC,28,C1C(C(C(C(C1N)OC2C(C(C(C(O2)CN)O)O)N)OC3C(C(C(O3)CO)O)O)O)N,1
855,471,UUUGGA,139,C1=C2C(=NC(=N1)N)N(C=N2)C3C(C(C(O3)CO)O)O,0
111,25,GGAAAC,139,C1=C2C(=NC(=N1)N)N(C=N2)C3C(C(C(O3)CO)O)O,0
3,2,CUUCGG,4,C1C(C(C(C(C1N)O)O)O)N,0
648,365,GCGAGGAC,51,CC1C(C(C(O1)N2C=NC3=C(N=CN=C32)N)O)O.CC1=CC2=C(C=C1C)[N+](=C[N-]2)C3C(C(C(O3)CO)OP(=O)(O)OC(C)CNC(=O)CCC4(C(C5C6(C(C(C([N-]6)C(=C7C(C(C([N-]7)C=C8C(C(C([N-]8)C(=C4[N-]5)C)CCC(=O)N)(C)C)CCC(=O)N)(C)CC(=O)N)C)CCC(=O)N)(C)CC(=O)N)C)CC(=O)N)C)O.[Co],0
136,36,GAAGUGGUUGGGUGUGAAAAC,23,C1=NC2=C(N1C3C(C(C(O3)COP(=O)(O)OP(=O)(O)OP(=O)(O)O)O)O)N=C(NC2=O)N,1
113,26,CCGUCG,62,CC1=NC(=C(N1C)O)CC2=CC(=C(C(=C2)F)O)F,1
174,49,GAUCGCGU,24,CC1=C(SC=[N+]1CC2=CN=C(N=C2N)C)CCOP(=O)(O)OP(=O)(O)O,1
547,297,GUUCGUC,70,C(C1C(C(C(O1)OP(=O)(O)OP(=O)(O)O)O)O)OP(=O)(O)O,0
548,297,GUUCGUC,97,C(=N)(N)N,0
688,389,GCGAAGUC,99,CC(C1C(C(C(C(O1)OC2C(CC(C(C2O)OC3C(C(C(CO3)(C)O)NC)O)N)N)N)O)O)O,1
586,323,UGAAG,82,C1=NC2=C(N1C3C(C(C(O3)COP(=O)(O)O)O)O)N=C(NC2=O)N,0
70,8,CGAAAG,130,COC1=C(C=C2C(=C1)C(=O)NC=N2)OCCCN3CCCCC3,0
820,452,GAAGUAUGGAC,62,CC1=NC(=C(N1C)O)CC2=CC(=C(C(=C2)F)O)F,0
339,143,GAGCGU,32,C[S+](CCC(C(=O)[O-])N)CC1C(C(C(O1)N2C=NC3=C(N=CN=C32)N)O)O,0
445,232,CGGAAAUG,56,C1C2C(C(C(O2)N3C=NC4=C3N=C(NC4=O)N)O)OP(=O)(OCC5C(C(C(O5)N6C=NC7=C(N=CN=C76)N)O)OP(=O)(O1)O)O,1
620,350,AACGGGCAGCGAAUCUACU,84,C1C=CN(C=C1C(=O)N)[C@H]2[C@@H]([C@@H]([C@H](O2)COP(=O)(O)OP(=O)(O)OC[C@@H]3[C@H]([C@H]([C@@H](O3)N4C=NC5=C(N=CN=C54)N)O)O)O)O,1
859,473,CUUAAG,148,C1[C@@H]([C@H](O[C@H]1N2C=NC3=C2N=C(NC3=O)N)COP(=O)(O)O)O,0
487,258,GUGAGGGUAGUGUGGGCUC,62,CC1=NC(=C(N1C)O)CC2=CC(=C(C(=C2)F)O)F,1
466,244,UGACGAACCACAAACGA,55,C1=NC(=C(N1C2C(C(C(O2)COP(=O)(O)O)O)O)N)C(=O)N,1
737,413,GAGGGGCGGU,63,C(CCNCCCN)CNCCCN,1
194,51,UCGUAUCACGGAA,24,CC1=C(SC=[N+]1CC2=CN=C(N=C2N)C)CCOP(=O)(O)OP(=O)(O)O,1
562,308,AAGGAAGGUUUGGUAUGGGGUAGUUGU,74,C[N+]1=CC=C(C2=CC=CC=C21)CC3=[N+](C4=CC=CC=C4S3)CC(=O)NCCOCCOCCOCCNC(=O)CCCCC5C6C(CS5)NC(=O)N6,1
692,392,GAAGCGGAAAU,100,C12=NNN=C1NC(=O)NC2=O,1
800,442,UGCAAA,127,C(CCNCCCN)CN,0
603,338,CAAAGUAAAG,52,C1C2C(C(C(O2)N3C=NC4=C(N=CN=C43)N)O)OP(=O)(OCC5C(C(C(O5)N6C=NC7=C(N=CN=C76)N)O)OP(=O)(O1)O)O,0
619,350,AACGGGCAGCGAAUCUACU,1,C1=NC(=C2C(=N1)N(C=N2)C3C(C(C(O3)COP(=O)(O)O)O)O)N,1
63,8,CGAAAG,122,C1[C@@H](NC2=C(N1)N=C(NC2=O)N)CNC3=CC=C(C=C3)C(=O)N[C@@H](CCC(=O)O)C(=O)O,0
160,47,CUGCGUG,119,CC1=CC2=NC=CN=C2C=C1,0
661,377,CAGUCGGUAG,53,C(C(CO)O)O,0
325,132,ACCUAU,49,C(CC(=O)O)C(=O)O,0
388,189,CCCAAU,52,C1C2C(C(C(O2)N3C=NC4=C(N=CN=C43)N)O)OP(=O)(OCC5C(C(C(O5)N6C=NC7=C(N=CN=C76)N)O)OP(=O)(O1)O)O,0
632,351,CCCGUAG,88,CNC1=C2C(=NC=N1)N(C=N2)C3C(C(C(O3)COP(=O)(O)OP(=O)(O)OP(=O)(O)O)O)O,0
747,415,CUAGCCG,114,C1=NC2=C(N1C3C(C(C(O3)COP(=O)(O)O)O)O)NC(=O)NC2=O,0
41,8,CGAAAG,8,CN1C2=C(C(=O)N(C1=O)C)NC=N2,0
645,362,GUUCGAGUC,79,C1=CNC(=O)NC1=O,1
27,4,CCUGGGAG,14,CC(=O)C1=CC2=C(C=C1)SC3=CC=CC=C3N2CCCN(C)C,0
602,337,CUAGAAAUG,52,C1C2C(C(C(O2)N3C=NC4=C(N=CN=C43)N)O)OP(=O)(OCC5C(C(C(O5)N6C=NC7=C(N=CN=C76)N)O)OP(=O)(O1)O)O,0
689,390,GCGUC,99,CC(C1C(C(C(C(O1)OC2C(CC(C(C2O)OC3C(C(C(CO3)(C)O)NC)O)N)N)N)O)O)O,0
463,243,UAUCAA,55,C1=NC(=C(N1C2C(C(C(O2)COP(=O)(O)O)O)O)N)C(=O)N,0
411,211,CAUAG,29,C1=C(C2=C(N1)N=C(NC2=O)N)CN,0
208,56,GCGUCU,2,C(CC(C(=O)O)N)CN=C(N)N,1
511,274,AGGAAA,23,C1=NC2=C(N1C3C(C(C(O3)COP(=O)(O)OP(=O)(O)OP(=O)(O)O)O)O)N=C(NC2=O)N,0
685,386,GAAGUC,99,CC(C1C(C(C(C(O1)OC2C(CC(C(C2O)OC3C(C(C(CO3)(C)O)NC)O)N)N)N)O)O)O,1
86,12,GUACCU,9,C1C(C(C(C(C1N)OC2C(C(C(C(O2)CN)O)O)N)OC3C(C(C(O3)CO)OC4C(C(C(C(O4)CN)O)O)N)O)O)N,1
679,383,GGGCGC,23,C1=NC2=C(N1C3C(C(C(O3)COP(=O)(O)OP(=O)(O)OP(=O)(O)O)O)O)N=C(NC2=O)N,0
